NAME	GS<br> follow link to MSigDB	GS DETAILS	SIZE	ES	NES	NOM p-val	FDR q-val	FWER p-val	RANK AT MAX	LEADING EDGE	
GO:0001666	GO:0001666	Details ...	105	-0.5159339	-2.3261037	0.0	0.0030993964	0.003	2395	tags=37%, list=12%, signal=42%	
GO:0036294	GO:0036294	Details ...	96	-0.5134666	-2.2995448	0.0	0.0020634746	0.004	2395	tags=36%, list=12%, signal=41%	
GO:0036293	GO:0036293	Details ...	107	-0.5125666	-2.299385	0.0	0.0013756497	0.004	2395	tags=36%, list=12%, signal=41%	
GO:0071453	GO:0071453	Details ...	96	-0.5134666	-2.2928915	0.0	0.0010317373	0.004	2395	tags=36%, list=12%, signal=41%	
GO:0070482	GO:0070482	Details ...	107	-0.5125666	-2.286266	0.0	8.2538987E-4	0.004	2395	tags=36%, list=12%, signal=41%	
GO:0071456	GO:0071456	Details ...	95	-0.513911	-2.2759717	0.0	6.8782485E-4	0.004	2395	tags=37%, list=12%, signal=42%	
GO:0061659	GO:0061659	Details ...	95	-0.4789471	-2.1610146	0.0	0.0030903798	0.021	6285	tags=56%, list=32%, signal=82%	
GO:0061630	GO:0061630	Details ...	94	-0.47257793	-2.1272373	0.0	0.003614421	0.028	6285	tags=55%, list=32%, signal=81%	
GO:0071365	GO:0071365	Details ...	114	-0.4562885	-2.0980456	0.0	0.005374226	0.046	3091	tags=39%, list=16%, signal=46%	
GO:0009734	GO:0009734	Details ...	109	-0.44426152	-2.0352437	0.0	0.010608454	0.097	3091	tags=38%, list=16%, signal=44%	
GO:0019787	GO:0019787	Details ...	190	-0.40802398	-2.0249796	0.0	0.011806498	0.116	6214	tags=48%, list=32%, signal=70%	
GO:0004842	GO:0004842	Details ...	184	-0.40369567	-1.9977711	0.0	0.016284985	0.174	6214	tags=48%, list=32%, signal=70%	
GO:0009733	GO:0009733	Details ...	157	-0.40390915	-1.9588014	0.0	0.02288052	0.246	3091	tags=35%, list=16%, signal=41%	
GO:0019005	GO:0019005	Details ...	42	-0.5117401	-1.9528528	0.0	0.02310167	0.263	2193	tags=31%, list=11%, signal=35%	
GO:0010243	GO:0010243	Details ...	59	-0.47604054	-1.932967	0.0	0.027853543	0.325	3551	tags=39%, list=18%, signal=47%	
GO:0009926	GO:0009926	Details ...	42	-0.49821797	-1.9261526	0.0	0.02778408	0.342	3335	tags=40%, list=17%, signal=49%	
GO:0098791	GO:0098791	Details ...	206	-0.38138878	-1.9246212	0.0	0.026575143	0.346	6501	tags=48%, list=33%, signal=71%	
GO:0005802	GO:0005802	Details ...	142	-0.4041896	-1.9147152	0.0	0.027941084	0.377	6480	tags=53%, list=33%, signal=78%	
GO:0016192	GO:0016192	Details ...	218	-0.38070542	-1.9085789	0.0	0.02783335	0.393	5594	tags=39%, list=29%, signal=53%	
GO:1901698	GO:1901698	Details ...	70	-0.45054042	-1.9057153	0.0	0.02746938	0.399	4281	tags=40%, list=22%, signal=51%	
GO:0044390	GO:0044390		16	-0.64746636	-1.9038765	0.0	0.026948545	0.407	4192	tags=50%, list=21%, signal=64%	
GO:0005768	GO:0005768		216	-0.37821355	-1.877783	0.0	0.034113955	0.496	6978	tags=56%, list=36%, signal=86%	
GO:0009646	GO:0009646		18	-0.6081417	-1.8699838	0.0023310024	0.035235558	0.521	1893	tags=44%, list=10%, signal=49%	
GO:0032511	GO:0032511		21	-0.5755778	-1.8624701	0.004950495	0.036923837	0.553	7183	tags=81%, list=37%, signal=128%	
GO:0009914	GO:0009914		49	-0.4598873	-1.8490229	0.0028169013	0.040833507	0.607	3335	tags=39%, list=17%, signal=47%	
GO:0060918	GO:0060918		48	-0.46618497	-1.8409389	0.0	0.04301881	0.646	3335	tags=40%, list=17%, signal=48%	
GO:0005496	GO:0005496		17	-0.62164086	-1.8345696	0.0	0.044245776	0.673	6124	tags=71%, list=31%, signal=103%	
GO:0007029	GO:0007029		15	-0.6301705	-1.8260888	0.00954654	0.04611885	0.713	5238	tags=67%, list=27%, signal=91%	
GO:0005795	GO:0005795		136	-0.38183528	-1.8185326	0.0	0.047783624	0.74	6501	tags=46%, list=33%, signal=69%	
GO:0016236	GO:0016236		16	-0.61437154	-1.8048023	0.0071090045	0.052444384	0.776	3268	tags=50%, list=17%, signal=60%	
GO:0031985	GO:0031985		133	-0.38402224	-1.7949493	0.0	0.054719776	0.804	6501	tags=47%, list=33%, signal=69%	
GO:0050657	GO:0050657		34	-0.49690527	-1.7905763	0.0051282053	0.055029985	0.817	5042	tags=35%, list=26%, signal=47%	
GO:0031146	GO:0031146		41	-0.471702	-1.7890904	0.0027777778	0.054144382	0.825	2193	tags=27%, list=11%, signal=30%	
GO:0051236	GO:0051236		34	-0.49690527	-1.7827486	0.008310249	0.055895552	0.843	5042	tags=35%, list=26%, signal=47%	
GO:0035966	GO:0035966		30	-0.49540824	-1.7807522	0.005249344	0.05542828	0.852	4139	tags=50%, list=21%, signal=63%	
GO:0015918	GO:0015918		17	-0.597026	-1.7755014	0.009478673	0.05657011	0.868	5920	tags=59%, list=30%, signal=84%	
GO:0000139	GO:0000139		185	-0.35809574	-1.7745467	0.0	0.055490732	0.872	4767	tags=37%, list=24%, signal=48%	
GO:0035967	GO:0035967		28	-0.50546354	-1.7602297	0.0025062656	0.06079065	0.908	4139	tags=54%, list=21%, signal=68%	
GO:0007034	GO:0007034		45	-0.45137838	-1.7599889	0.0	0.059391428	0.909	7345	tags=64%, list=38%, signal=103%	
GO:0016197	GO:0016197		40	-0.4694369	-1.7567878	0.008174387	0.05959507	0.915	7689	tags=75%, list=39%, signal=123%	
GO:0006403	GO:0006403		35	-0.48466557	-1.7447759	0.0024390244	0.06469814	0.94	5042	tags=34%, list=26%, signal=46%	
GO:0032934	GO:0032934		15	-0.6106368	-1.7447252	0.009661836	0.06320542	0.94	6124	tags=67%, list=31%, signal=97%	
GO:0050658	GO:0050658		34	-0.49690527	-1.7425072	0.007575758	0.06270442	0.942	5042	tags=35%, list=26%, signal=47%	
GO:0000209	GO:0000209		55	-0.4344876	-1.7386609	0.0	0.063708186	0.947	4511	tags=38%, list=23%, signal=49%	
GO:0072666	GO:0072666		22	-0.52297527	-1.7359354	0.004901961	0.06391279	0.952	7345	tags=73%, list=38%, signal=116%	
GO:0036503	GO:0036503		39	-0.46046177	-1.7147691	0.0075376886	0.07443687	0.969	4281	tags=38%, list=22%, signal=49%	
GO:0005797	GO:0005797		36	-0.46012133	-1.7075117	0.007832898	0.07713254	0.973	6416	tags=58%, list=33%, signal=87%	
GO:0051028	GO:0051028		28	-0.49716908	-1.6954715	0.01010101	0.083780274	0.984	4917	tags=36%, list=25%, signal=48%	
GO:0006897	GO:0006897		32	-0.47916412	-1.6906087	0.004796163	0.08527804	0.985	5594	tags=59%, list=29%, signal=83%	
GO:0051169	GO:0051169		43	-0.4332208	-1.6828636	0.002754821	0.08886465	0.992	5381	tags=37%, list=27%, signal=51%	
GO:0072665	GO:0072665		22	-0.52297527	-1.677145	0.00486618	0.09128304	0.992	7345	tags=73%, list=38%, signal=116%	
GO:0000137	GO:0000137		29	-0.48397356	-1.6766216	0.015584416	0.090023726	0.993	6903	tags=59%, list=35%, signal=90%	
GO:0010008	GO:0010008		67	-0.39178652	-1.6717442	0.0029850747	0.09207741	0.993	7183	tags=57%, list=37%, signal=89%	
GO:0006913	GO:0006913		43	-0.4332208	-1.6480778	0.0	0.10902722	0.996	5381	tags=37%, list=27%, signal=51%	
GO:0034976	GO:0034976		50	-0.41434005	-1.6429302	0.0058651026	0.111583084	0.996	4281	tags=36%, list=22%, signal=46%	
GO:0051235	GO:0051235		31	-0.45783296	-1.6309811	0.0026666666	0.11982312	0.999	6161	tags=45%, list=31%, signal=66%	
GO:0006914	GO:0006914		33	-0.44886523	-1.6309736	0.010498688	0.11773959	0.999	4431	tags=45%, list=23%, signal=59%	
GO:0012506	GO:0012506		108	-0.35844183	-1.6295812	0.0	0.11675256	0.999	7183	tags=54%, list=37%, signal=84%	
GO:0015850	GO:0015850		21	-0.50743824	-1.627668	0.019498607	0.11604689	0.999	5920	tags=57%, list=30%, signal=82%	
GO:0040008	GO:0040008		71	-0.3837649	-1.6252127	0.003125	0.11638062	0.999	2579	tags=27%, list=13%, signal=31%	
GO:0140030	GO:0140030		22	-0.5001832	-1.6176208	0.01923077	0.12119459	1.0	5744	tags=45%, list=29%, signal=64%	
GO:0061919	GO:0061919		33	-0.44886523	-1.616109	0.010025063	0.1206063	1.0	4431	tags=45%, list=23%, signal=59%	
GO:0006511	GO:0006511		250	-0.3174267	-1.613468	0.0	0.12055848	1.0	6962	tags=44%, list=36%, signal=68%	
GO:0030659	GO:0030659		107	-0.3505419	-1.6097306	0.0	0.121920556	1.0	7183	tags=53%, list=37%, signal=84%	
GO:0019941	GO:0019941		253	-0.31134075	-1.6070644	0.0	0.1223514	1.0	6962	tags=44%, list=36%, signal=68%	
GO:0014070	GO:0014070		122	-0.3437132	-1.594818	0.003533569	0.13225318	1.0	3032	tags=32%, list=15%, signal=38%	
GO:0045324	GO:0045324		29	-0.46193865	-1.5944061	0.020408163	0.13068116	1.0	7183	tags=72%, list=37%, signal=114%	
GO:0031490	GO:0031490		18	-0.5261786	-1.5937543	0.0225	0.12943976	1.0	2895	tags=28%, list=15%, signal=33%	
GO:0015931	GO:0015931		61	-0.38834152	-1.5881932	0.014492754	0.1323741	1.0	3823	tags=28%, list=20%, signal=35%	
GO:0099023	GO:0099023		16	-0.51698726	-1.5854326	0.034398034	0.13325359	1.0	5492	tags=56%, list=28%, signal=78%	
GO:1905421	GO:1905421		16	-0.5388254	-1.5833532	0.04255319	0.13306767	1.0	4443	tags=50%, list=23%, signal=65%	
GO:0006892	GO:0006892		15	-0.5400046	-1.572861	0.030023094	0.1422499	1.0	4219	tags=40%, list=22%, signal=51%	
GO:0043632	GO:0043632		258	-0.30460086	-1.5691038	0.0	0.14437181	1.0	6962	tags=43%, list=36%, signal=66%	
GO:0051168	GO:0051168		19	-0.50189126	-1.558627	0.04050633	0.15375859	1.0	4896	tags=37%, list=25%, signal=49%	
GO:0005811	GO:0005811		18	-0.52600795	-1.5535475	0.026894866	0.15762255	1.0	3313	tags=33%, list=17%, signal=40%	
GO:0042537	GO:0042537		22	-0.48256287	-1.5514029	0.026634382	0.15791143	1.0	5071	tags=50%, list=26%, signal=67%	
GO:0043161	GO:0043161		147	-0.32380474	-1.5492953	0.0037037036	0.15841989	1.0	6259	tags=37%, list=32%, signal=55%	
GO:1900424	GO:1900424		19	-0.5010646	-1.54543	0.029925186	0.16043992	1.0	2877	tags=32%, list=15%, signal=37%	
GO:0009741	GO:0009741		52	-0.38534838	-1.5404966	0.0147929	0.16365138	1.0	2595	tags=31%, list=13%, signal=35%	
GO:0032509	GO:0032509		25	-0.46040082	-1.5378526	0.027363185	0.16494104	1.0	7183	tags=76%, list=37%, signal=120%	
GO:0042545	GO:0042545		44	-0.40796098	-1.5377915	0.021621622	0.16298117	1.0	2243	tags=36%, list=11%, signal=41%	
GO:0042802	GO:0042802		151	-0.31899858	-1.5266292	0.0037453184	0.17440003	1.0	3068	tags=34%, list=16%, signal=41%	
GO:0051213	GO:0051213		44	-0.39538366	-1.5180593	0.024456521	0.18300065	1.0	4600	tags=36%, list=23%, signal=47%	
GO:0009083	GO:0009083		17	-0.49305943	-1.5161037	0.027848102	0.18338577	1.0	5847	tags=59%, list=30%, signal=84%	
GO:0071985	GO:0071985		25	-0.46040082	-1.5154953	0.03768844	0.18192011	1.0	7183	tags=76%, list=37%, signal=120%	
GO:0030120	GO:0030120		23	-0.46330675	-1.508637	0.04761905	0.18914694	1.0	5419	tags=48%, list=28%, signal=66%	
GO:0042176	GO:0042176		31	-0.43650872	-1.5078664	0.02255639	0.18798707	1.0	1989	tags=23%, list=10%, signal=25%	
GO:0042742	GO:0042742		138	-0.31341138	-1.5024219	0.0030959751	0.1926566	1.0	2932	tags=28%, list=15%, signal=32%	
GO:0043484	GO:0043484		19	-0.4851331	-1.4991304	0.03508772	0.19522639	1.0	6233	tags=47%, list=32%, signal=69%	
GO:0016837	GO:0016837		18	-0.4934857	-1.4933866	0.052896727	0.2008018	1.0	2270	tags=39%, list=12%, signal=44%	
GO:0030433	GO:0030433		35	-0.41389084	-1.4891201	0.039267015	0.2045786	1.0	4281	tags=34%, list=22%, signal=44%	
GO:0009620	GO:0009620		143	-0.31165025	-1.4871577	0.0033670033	0.20521268	1.0	3445	tags=31%, list=18%, signal=38%	
GO:0097346	GO:0097346		20	-0.47376978	-1.4843487	0.037558686	0.20637801	1.0	7921	tags=60%, list=40%, signal=101%	
GO:0051651	GO:0051651		23	-0.45158294	-1.4838544	0.04639175	0.20478418	1.0	6161	tags=48%, list=31%, signal=70%	
GO:0034504	GO:0034504		27	-0.43151367	-1.4826369	0.041564792	0.20441486	1.0	5876	tags=44%, list=30%, signal=63%	
GO:0048585	GO:0048585		91	-0.3314175	-1.4697107	0.003215434	0.22009662	1.0	2891	tags=26%, list=15%, signal=31%	
GO:0007166	GO:0007166		37	-0.3870148	-1.4551619	0.04404145	0.24039578	1.0	907	tags=24%, list=5%, signal=25%	
GO:0005543	GO:0005543		51	-0.36742666	-1.4538362	0.020253165	0.23990029	1.0	4395	tags=39%, list=22%, signal=50%	
GO:0006887	GO:0006887		16	-0.4901231	-1.4529915	0.05800464	0.23865415	1.0	5322	tags=50%, list=27%, signal=69%	
GO:0030662	GO:0030662		30	-0.41673353	-1.4463152	0.05945946	0.24713436	1.0	6348	tags=50%, list=32%, signal=74%	
GO:0005200	GO:0005200		25	-0.4318451	-1.4456698	0.04796163	0.24578896	1.0	3658	tags=40%, list=19%, signal=49%	
GO:0120251	GO:0120251		23	-0.43937716	-1.4437659	0.055555556	0.24642879	1.0	609	tags=26%, list=3%, signal=27%	
GO:0031348	GO:0031348		31	-0.40081164	-1.4418598	0.048101265	0.24655947	1.0	2891	tags=35%, list=15%, signal=42%	
GO:0016706	GO:0016706		24	-0.43301374	-1.4395356	0.050377835	0.24821948	1.0	5720	tags=38%, list=29%, signal=53%	
GO:0050684	GO:0050684		25	-0.4291242	-1.4389907	0.059850372	0.24666806	1.0	5208	tags=32%, list=27%, signal=44%	
GO:0031011	GO:0031011		17	-0.47052574	-1.4389552	0.0520362	0.24443826	1.0	7921	tags=65%, list=40%, signal=109%	
GO:0098732	GO:0098732		18	-0.4650352	-1.4365591	0.07125307	0.24600491	1.0	3386	tags=33%, list=17%, signal=40%	
GO:0009617	GO:0009617		165	-0.2937402	-1.4326842	0.004016064	0.24997142	1.0	2932	tags=26%, list=15%, signal=30%	
GO:0015748	GO:0015748		35	-0.38721654	-1.4284989	0.041025642	0.25422275	1.0	3994	tags=43%, list=20%, signal=54%	
GO:0030117	GO:0030117		29	-0.40750483	-1.4244187	0.040302265	0.2587088	1.0	5419	tags=41%, list=28%, signal=57%	
GO:0005776	GO:0005776		16	-0.49298623	-1.4238862	0.08439898	0.25744396	1.0	6918	tags=81%, list=35%, signal=126%	
GO:0048024	GO:0048024		15	-0.4915883	-1.4199224	0.08991228	0.26180765	1.0	6233	tags=47%, list=32%, signal=68%	
GO:0009629	GO:0009629		32	-0.3940876	-1.4178405	0.049140047	0.2628827	1.0	2912	tags=31%, list=15%, signal=37%	
GO:0045732	GO:0045732		25	-0.42037272	-1.416147	0.05970149	0.2633553	1.0	4356	tags=32%, list=22%, signal=41%	
GO:0000138	GO:0000138		56	-0.34878662	-1.4106189	0.021505376	0.27109733	1.0	6501	tags=43%, list=33%, signal=64%	
GO:0048475	GO:0048475		29	-0.40750483	-1.4101745	0.058047492	0.26956898	1.0	5419	tags=41%, list=28%, signal=57%	
GO:0005798	GO:0005798		17	-0.47051287	-1.4087589	0.06398104	0.26956066	1.0	6165	tags=35%, list=31%, signal=51%	
GO:0010498	GO:0010498		173	-0.28384632	-1.3979439	0.008810572	0.28582448	1.0	4356	tags=25%, list=22%, signal=32%	
GO:0051170	GO:0051170		24	-0.41492078	-1.396812	0.065	0.28554952	1.0	5876	tags=46%, list=30%, signal=65%	
GO:0009968	GO:0009968		42	-0.3622069	-1.393269	0.060941827	0.28972593	1.0	3352	tags=29%, list=17%, signal=34%	
GO:0098876	GO:0098876		16	-0.47332174	-1.3891174	0.09779951	0.29474244	1.0	4219	tags=38%, list=22%, signal=48%	
GO:0035091	GO:0035091		25	-0.41641632	-1.388926	0.067183465	0.292624	1.0	5538	tags=48%, list=28%, signal=67%	
GO:0030136	GO:0030136		17	-0.46381515	-1.3873706	0.07329843	0.2930665	1.0	6165	tags=59%, list=31%, signal=86%	
GO:0051258	GO:0051258		16	-0.46839732	-1.3867403	0.08788598	0.29176602	1.0	5637	tags=56%, list=29%, signal=79%	
GO:0044242	GO:0044242		50	-0.34902903	-1.3856192	0.03888889	0.29133123	1.0	4354	tags=36%, list=22%, signal=46%	
GO:0071555	GO:0071555		169	-0.28399107	-1.3815838	0.0	0.2962518	1.0	4486	tags=38%, list=23%, signal=49%	
GO:0006536	GO:0006536		15	-0.47545412	-1.3810774	0.1	0.2947539	1.0	2194	tags=40%, list=11%, signal=45%	
GO:0090351	GO:0090351		63	-0.32745644	-1.3747053	0.023323616	0.30427954	1.0	4407	tags=38%, list=23%, signal=49%	
GO:0045489	GO:0045489		31	-0.3887473	-1.3684863	0.07438017	0.31354403	1.0	5887	tags=48%, list=30%, signal=69%	
GO:1901800	GO:1901800		22	-0.42095912	-1.3681135	0.09263658	0.31175274	1.0	4356	tags=32%, list=22%, signal=41%	
GO:0061136	GO:0061136		22	-0.42095912	-1.3675933	0.07960199	0.31042713	1.0	4356	tags=32%, list=22%, signal=41%	
GO:0009630	GO:0009630		30	-0.39113808	-1.3601236	0.07730673	0.32198077	1.0	2912	tags=30%, list=15%, signal=35%	
GO:0006473	GO:0006473		27	-0.38595927	-1.3599045	0.0880829	0.31992236	1.0	6707	tags=56%, list=34%, signal=84%	
GO:0061631	GO:0061631		21	-0.4225583	-1.3578986	0.09268293	0.32125738	1.0	4281	tags=38%, list=22%, signal=49%	
GO:0120252	GO:0120252		24	-0.41003612	-1.3559667	0.09090909	0.32253045	1.0	609	tags=25%, list=3%, signal=26%	
GO:0030135	GO:0030135		49	-0.34857333	-1.3545371	0.07065217	0.32289225	1.0	7749	tags=57%, list=40%, signal=94%	
GO:0006383	GO:0006383		19	-0.42957717	-1.3525629	0.10512821	0.32458496	1.0	6943	tags=53%, list=35%, signal=81%	
GO:0031965	GO:0031965		21	-0.42258546	-1.3429648	0.10796915	0.34138638	1.0	2435	tags=24%, list=12%, signal=27%	
GO:0005516	GO:0005516		116	-0.29280537	-1.3411077	0.028846154	0.34261504	1.0	3275	tags=34%, list=17%, signal=40%	
GO:0061650	GO:0061650		22	-0.41735402	-1.33834	0.117506	0.34563726	1.0	4281	tags=36%, list=22%, signal=46%	
GO:0006890	GO:0006890		17	-0.4384308	-1.3378303	0.100961536	0.34413	1.0	7875	tags=59%, list=40%, signal=98%	
GO:0071407	GO:0071407		68	-0.31933072	-1.3335469	0.05	0.35074496	1.0	2891	tags=28%, list=15%, signal=33%	
GO:1902531	GO:1902531		19	-0.4339935	-1.3328524	0.1	0.34979886	1.0	1591	tags=26%, list=8%, signal=29%	
GO:0001558	GO:0001558		25	-0.39699396	-1.3325354	0.08461539	0.34805927	1.0	4460	tags=40%, list=23%, signal=52%	
GO:0045488	GO:0045488		73	-0.31249297	-1.3269572	0.050955415	0.35720488	1.0	2548	tags=26%, list=13%, signal=30%	
GO:0006378	GO:0006378		18	-0.43285632	-1.3258233	0.12437811	0.3570991	1.0	5022	tags=33%, list=26%, signal=45%	
GO:0016413	GO:0016413		32	-0.37115455	-1.3253181	0.0927835	0.35575196	1.0	2243	tags=25%, list=11%, signal=28%	
GO:0019901	GO:0019901		41	-0.3527928	-1.3252461	0.097345136	0.35348672	1.0	2348	tags=29%, list=12%, signal=33%	
GO:0045229	GO:0045229		181	-0.26829574	-1.3213676	0.008196721	0.35922205	1.0	4486	tags=38%, list=23%, signal=48%	
GO:0015629	GO:0015629		29	-0.38324317	-1.3151981	0.107329845	0.37036824	1.0	5525	tags=62%, list=28%, signal=86%	
GO:0072329	GO:0072329		33	-0.3610268	-1.30349	0.10309278	0.39423397	1.0	2285	tags=27%, list=12%, signal=31%	
GO:0043631	GO:0043631		19	-0.41689605	-1.3025526	0.12559241	0.39372498	1.0	5022	tags=32%, list=26%, signal=42%	
GO:0009723	GO:0009723		88	-0.29599798	-1.3013974	0.06358381	0.39346263	1.0	4335	tags=35%, list=22%, signal=45%	
GO:0016573	GO:0016573		24	-0.39253086	-1.2998538	0.12807882	0.39429912	1.0	6707	tags=54%, list=34%, signal=82%	
GO:0010648	GO:0010648		45	-0.3327468	-1.2992144	0.07977208	0.39340535	1.0	3352	tags=27%, list=17%, signal=32%	
GO:0045862	GO:0045862		26	-0.3760754	-1.2991532	0.13761468	0.3910546	1.0	4356	tags=27%, list=22%, signal=35%	
GO:0009615	GO:0009615		43	-0.34125757	-1.2975365	0.08707124	0.39236984	1.0	3695	tags=37%, list=19%, signal=46%	
GO:0010393	GO:0010393		74	-0.3045608	-1.2911406	0.058651026	0.4047804	1.0	2548	tags=26%, list=13%, signal=29%	
GO:0005085	GO:0005085		16	-0.4439971	-1.2879399	0.15274464	0.40949118	1.0	7194	tags=69%, list=37%, signal=109%	
GO:0052546	GO:0052546		16	-0.42931673	-1.2852787	0.14386792	0.41318282	1.0	5887	tags=56%, list=30%, signal=80%	
GO:0010014	GO:0010014		16	-0.4403311	-1.2844276	0.16962026	0.41287282	1.0	2874	tags=31%, list=15%, signal=37%	
GO:0016298	GO:0016298		40	-0.3380213	-1.2829212	0.11809045	0.41381338	1.0	4453	tags=43%, list=23%, signal=55%	
GO:0048193	GO:0048193		77	-0.29758638	-1.2829069	0.075	0.41131237	1.0	7875	tags=45%, list=40%, signal=76%	
GO:0006475	GO:0006475		24	-0.39253086	-1.28189	0.11111111	0.41113636	1.0	6707	tags=54%, list=34%, signal=82%	
GO:0015293	GO:0015293		28	-0.3682646	-1.2789031	0.09898477	0.4155598	1.0	3999	tags=46%, list=20%, signal=58%	
GO:0031124	GO:0031124		23	-0.38851053	-1.2765863	0.13691932	0.41886723	1.0	5022	tags=30%, list=26%, signal=41%	
GO:0031669	GO:0031669		74	-0.2981033	-1.2756333	0.07941177	0.4186528	1.0	3704	tags=30%, list=19%, signal=37%	
GO:0071554	GO:0071554		219	-0.25547352	-1.2748637	0.017094018	0.41800103	1.0	4486	tags=36%, list=23%, signal=46%	
GO:0018393	GO:0018393		24	-0.39253086	-1.2719071	0.17048346	0.42250594	1.0	6707	tags=54%, list=34%, signal=82%	
GO:0023057	GO:0023057		45	-0.3327468	-1.2717555	0.10991957	0.420394	1.0	3352	tags=27%, list=17%, signal=32%	
GO:0120255	GO:0120255		30	-0.35915193	-1.2698785	0.13212435	0.4226295	1.0	2741	tags=30%, list=14%, signal=35%	
GO:0032940	GO:0032940		20	-0.39127812	-1.2675941	0.13333334	0.42581794	1.0	4219	tags=40%, list=22%, signal=51%	
GO:0015914	GO:0015914		16	-0.43061563	-1.2670306	0.14553991	0.42460063	1.0	3994	tags=50%, list=20%, signal=63%	
GO:0018394	GO:0018394		24	-0.39253086	-1.2647179	0.1425	0.42759636	1.0	6707	tags=54%, list=34%, signal=82%	
GO:0009834	GO:0009834		27	-0.36647782	-1.2630786	0.14108911	0.4286482	1.0	3633	tags=41%, list=19%, signal=50%	
GO:1903052	GO:1903052		24	-0.38515085	-1.2613595	0.14111923	0.43026257	1.0	4356	tags=29%, list=22%, signal=37%	
GO:0004712	GO:0004712		28	-0.3739404	-1.2601064	0.12077295	0.430957	1.0	4609	tags=36%, list=24%, signal=47%	
GO:0002832	GO:0002832		23	-0.3871041	-1.2574126	0.16911764	0.43508372	1.0	2877	tags=35%, list=15%, signal=41%	
GO:0031048	GO:0031048		21	-0.39613044	-1.254764	0.15364583	0.43896863	1.0	1893	tags=19%, list=10%, signal=21%	
GO:0043621	GO:0043621		35	-0.34097594	-1.2521025	0.13802083	0.4434422	1.0	2149	tags=29%, list=11%, signal=32%	
GO:1903050	GO:1903050		25	-0.37769195	-1.2510359	0.16071428	0.44365093	1.0	7991	tags=64%, list=41%, signal=108%	
GO:0043130	GO:0043130		46	-0.32403374	-1.2508522	0.11614731	0.4416324	1.0	5764	tags=46%, list=29%, signal=65%	
GO:0032102	GO:0032102		23	-0.3871041	-1.2508216	0.16235293	0.43929732	1.0	2877	tags=35%, list=15%, signal=41%	
GO:0006635	GO:0006635		23	-0.3820364	-1.2490507	0.16666667	0.4413437	1.0	3555	tags=39%, list=18%, signal=48%	
GO:0040007	GO:0040007		198	-0.2525206	-1.2488375	0.04048583	0.4394792	1.0	2637	tags=22%, list=13%, signal=25%	
GO:0009651	GO:0009651		148	-0.26283303	-1.248001	0.048327137	0.43910822	1.0	4200	tags=32%, list=21%, signal=40%	
GO:0032182	GO:0032182		59	-0.31114966	-1.2467161	0.10778443	0.43994117	1.0	5791	tags=44%, list=30%, signal=62%	
GO:0000272	GO:0000272		62	-0.29611868	-1.2441261	0.09495549	0.44407347	1.0	2125	tags=26%, list=11%, signal=29%	
GO:0070603	GO:0070603		30	-0.36161438	-1.2438604	0.16377172	0.44241005	1.0	5822	tags=27%, list=30%, signal=38%	
GO:0009863	GO:0009863		24	-0.3722246	-1.2434133	0.13265306	0.4411429	1.0	4365	tags=38%, list=22%, signal=48%	
GO:0000151	GO:0000151		145	-0.2589293	-1.2433664	0.06428572	0.43890882	1.0	4569	tags=27%, list=23%, signal=35%	
GO:0045927	GO:0045927		18	-0.4079011	-1.2426926	0.1632184	0.43812305	1.0	1800	tags=28%, list=9%, signal=31%	
GO:0042803	GO:0042803		79	-0.2868024	-1.242674	0.090614885	0.43589076	1.0	3686	tags=34%, list=19%, signal=42%	
GO:0120254	GO:0120254		37	-0.3343305	-1.2387182	0.13764045	0.4432951	1.0	2741	tags=30%, list=14%, signal=35%	
GO:0051603	GO:0051603		299	-0.24252044	-1.2371312	0.023809524	0.444949	1.0	5791	tags=34%, list=30%, signal=48%	
GO:0032984	GO:0032984		34	-0.34111705	-1.2333261	0.15167095	0.45175216	1.0	5343	tags=50%, list=27%, signal=69%	
GO:0031248	GO:0031248		26	-0.363908	-1.2322085	0.17512691	0.4523274	1.0	7767	tags=50%, list=40%, signal=83%	
GO:0000118	GO:0000118		26	-0.36032012	-1.2282519	0.17761557	0.4599599	1.0	4972	tags=31%, list=25%, signal=41%	
GO:0003712	GO:0003712		81	-0.28466055	-1.2277434	0.10932476	0.45903522	1.0	4223	tags=22%, list=22%, signal=28%	
GO:1902493	GO:1902493		26	-0.363908	-1.2276313	0.18610422	0.4570466	1.0	7767	tags=50%, list=40%, signal=83%	
GO:0071369	GO:0071369		69	-0.29133454	-1.2276103	0.11111111	0.4548229	1.0	4068	tags=33%, list=21%, signal=42%	
GO:0009414	GO:0009414		135	-0.25579584	-1.2275242	0.0477707	0.45277599	1.0	4331	tags=30%, list=22%, signal=39%	
GO:0005509	GO:0005509		106	-0.2660556	-1.2251792	0.065743946	0.45650256	1.0	2393	tags=25%, list=12%, signal=28%	
GO:0071367	GO:0071367		37	-0.32560596	-1.2248381	0.13573407	0.45515904	1.0	2595	tags=27%, list=13%, signal=31%	
GO:1905958	GO:1905958		21	-0.3823745	-1.2247008	0.17128463	0.4533662	1.0	4802	tags=43%, list=25%, signal=57%	
GO:0009845	GO:0009845		57	-0.30085418	-1.2235043	0.15817694	0.45404422	1.0	4407	tags=39%, list=23%, signal=50%	
GO:0045490	GO:0045490		37	-0.32917413	-1.2213342	0.14127424	0.45712918	1.0	2085	tags=27%, list=11%, signal=30%	
GO:1901420	GO:1901420		21	-0.3823745	-1.2212255	0.18969555	0.45519155	1.0	4802	tags=43%, list=25%, signal=57%	
GO:0006606	GO:0006606		22	-0.37584308	-1.2173793	0.19379845	0.46241343	1.0	6935	tags=50%, list=35%, signal=77%	
GO:0005319	GO:0005319		33	-0.33911827	-1.2160302	0.14285715	0.46342486	1.0	3134	tags=36%, list=16%, signal=43%	
GO:0042398	GO:0042398		15	-0.4183731	-1.2160069	0.2088167	0.4612819	1.0	5034	tags=40%, list=26%, signal=54%	
GO:0043543	GO:0043543		43	-0.31943622	-1.2136667	0.15817694	0.46482125	1.0	5788	tags=47%, list=30%, signal=66%	
GO:0042546	GO:0042546		85	-0.2738067	-1.2119675	0.1021021	0.46659228	1.0	4463	tags=35%, list=23%, signal=46%	
GO:0000245	GO:0000245		17	-0.39686486	-1.2106469	0.19143577	0.4677156	1.0	8508	tags=82%, list=43%, signal=146%	
GO:0010029	GO:0010029		33	-0.33019695	-1.2100374	0.15544042	0.46704233	1.0	4331	tags=45%, list=22%, signal=58%	
GO:0016570	GO:0016570		76	-0.27930266	-1.2078483	0.12804878	0.4701934	1.0	5861	tags=37%, list=30%, signal=52%	
GO:0043401	GO:0043401		37	-0.32560596	-1.2071477	0.17922078	0.46986052	1.0	2595	tags=27%, list=13%, signal=31%	
GO:0051302	GO:0051302		23	-0.36515227	-1.2059358	0.17590362	0.47074187	1.0	3830	tags=39%, list=20%, signal=49%	
GO:0005643	GO:0005643		28	-0.35002458	-1.2036818	0.17268041	0.4744681	1.0	3175	tags=25%, list=16%, signal=30%	
GO:0009788	GO:0009788		21	-0.3823745	-1.2029703	0.19464721	0.47411537	1.0	4802	tags=43%, list=25%, signal=57%	
GO:0015932	GO:0015932		26	-0.35686627	-1.2009796	0.18253969	0.47682902	1.0	980	tags=19%, list=5%, signal=20%	
GO:0051015	GO:0051015		27	-0.3392018	-1.2002287	0.18069308	0.47655898	1.0	5469	tags=56%, list=28%, signal=77%	
GO:0009873	GO:0009873		65	-0.2923328	-1.1996447	0.1462766	0.47578177	1.0	3011	tags=28%, list=15%, signal=33%	
GO:0005770	GO:0005770		34	-0.3311579	-1.1987827	0.17884131	0.47601867	1.0	7050	tags=62%, list=36%, signal=96%	
GO:0031668	GO:0031668		84	-0.27143523	-1.1985384	0.14583333	0.47450706	1.0	5115	tags=36%, list=26%, signal=48%	
GO:0009742	GO:0009742		37	-0.32560596	-1.1977853	0.1724138	0.47431776	1.0	2595	tags=27%, list=13%, signal=31%	
GO:0004190	GO:0004190		47	-0.30709273	-1.1960233	0.1661891	0.4769662	1.0	3636	tags=34%, list=19%, signal=42%	
GO:0005525	GO:0005525		95	-0.2683031	-1.195163	0.11746988	0.4769124	1.0	3987	tags=26%, list=20%, signal=33%	
GO:1901570	GO:1901570		18	-0.39063755	-1.1949459	0.20782396	0.475378	1.0	1958	tags=33%, list=10%, signal=37%	
GO:0032561	GO:0032561		95	-0.2683031	-1.1929972	0.124579124	0.478338	1.0	3987	tags=26%, list=20%, signal=33%	
GO:0019001	GO:0019001		95	-0.2683031	-1.1917942	0.12837838	0.4790781	1.0	3987	tags=26%, list=20%, signal=33%	
GO:0008219	GO:0008219		85	-0.2741695	-1.1891482	0.14006515	0.48391205	1.0	4365	tags=32%, list=22%, signal=41%	
GO:0005635	GO:0005635		68	-0.28885505	-1.1864182	0.17080745	0.4888445	1.0	6038	tags=43%, list=31%, signal=61%	
GO:0071383	GO:0071383		37	-0.32560596	-1.1864164	0.20810811	0.48675543	1.0	2595	tags=27%, list=13%, signal=31%	
GO:0003779	GO:0003779		40	-0.32086688	-1.1853253	0.16756757	0.48743853	1.0	5525	tags=52%, list=28%, signal=73%	
GO:0016054	GO:0016054		96	-0.261033	-1.1838886	0.13149847	0.4892626	1.0	3740	tags=30%, list=19%, signal=37%	
GO:0012501	GO:0012501		64	-0.28769144	-1.1818699	0.18208955	0.49264228	1.0	4365	tags=33%, list=22%, signal=42%	
GO:0070542	GO:0070542		69	-0.27505216	-1.1811627	0.1331361	0.49239537	1.0	2925	tags=23%, list=15%, signal=27%	
GO:0044706	GO:0044706		72	-0.27712494	-1.1802635	0.15615615	0.49260175	1.0	5416	tags=38%, list=28%, signal=52%	
GO:1900140	GO:1900140		33	-0.33019695	-1.1775831	0.2133995	0.49765047	1.0	4331	tags=45%, list=22%, signal=58%	
GO:0009062	GO:0009062		25	-0.3556533	-1.1770955	0.19095477	0.49683824	1.0	3555	tags=36%, list=18%, signal=44%	
GO:0070001	GO:0070001		47	-0.30709273	-1.177058	0.19672132	0.4948699	1.0	3636	tags=34%, list=19%, signal=42%	
GO:1901568	GO:1901568		21	-0.36768267	-1.1770118	0.23744293	0.49295866	1.0	1958	tags=33%, list=10%, signal=37%	
GO:0022411	GO:0022411		44	-0.30687472	-1.1759933	0.1923077	0.4936568	1.0	5343	tags=43%, list=27%, signal=59%	
GO:0070008	GO:0070008		36	-0.32043964	-1.1758199	0.20263158	0.49202487	1.0	4003	tags=39%, list=20%, signal=49%	
GO:0009751	GO:0009751		55	-0.28885102	-1.1752995	0.16374269	0.49141973	1.0	3220	tags=29%, list=16%, signal=35%	
GO:0048545	GO:0048545		37	-0.32560596	-1.1745441	0.23237598	0.49124426	1.0	2595	tags=27%, list=13%, signal=31%	
GO:0008154	GO:0008154		18	-0.37761366	-1.1735733	0.22610722	0.49168113	1.0	5469	tags=61%, list=28%, signal=85%	
GO:0009856	GO:0009856		72	-0.27712494	-1.1726229	0.16615385	0.4922753	1.0	5416	tags=38%, list=28%, signal=52%	
GO:0043562	GO:0043562		22	-0.36699829	-1.1719648	0.22891566	0.49196017	1.0	4431	tags=41%, list=23%, signal=53%	
GO:0009627	GO:0009627		37	-0.30984825	-1.1712871	0.18947369	0.49172089	1.0	2957	tags=30%, list=15%, signal=35%	
GO:0016790	GO:0016790		27	-0.34053057	-1.1687502	0.23316061	0.49632472	1.0	6057	tags=52%, list=31%, signal=75%	
GO:0097305	GO:0097305		227	-0.23072648	-1.1676956	0.07272727	0.49724594	1.0	4425	tags=31%, list=23%, signal=39%	
GO:0009966	GO:0009966		115	-0.2510675	-1.1656618	0.13468014	0.5004543	1.0	2990	tags=21%, list=15%, signal=24%	
GO:0031491	GO:0031491		15	-0.40920618	-1.1652952	0.2600473	0.49948645	1.0	4746	tags=27%, list=24%, signal=35%	
GO:0006873	GO:0006873		36	-0.3203201	-1.1646259	0.21153846	0.49915427	1.0	6321	tags=56%, list=32%, signal=82%	
GO:0031331	GO:0031331		43	-0.30849254	-1.1629313	0.21832883	0.50160617	1.0	7783	tags=51%, list=40%, signal=85%	
GO:0009931	GO:0009931		20	-0.3685855	-1.1623639	0.24570024	0.5011741	1.0	2958	tags=35%, list=15%, signal=41%	
GO:0016049	GO:0016049		129	-0.24901444	-1.1611068	0.14285715	0.5024871	1.0	2637	tags=22%, list=13%, signal=26%	
GO:0019900	GO:0019900		54	-0.28879806	-1.1605166	0.16709511	0.50213355	1.0	2348	tags=24%, list=12%, signal=27%	
GO:0010928	GO:0010928		18	-0.3784667	-1.1600316	0.24018475	0.50144976	1.0	2990	tags=39%, list=15%, signal=46%	
GO:0022603	GO:0022603		46	-0.29945627	-1.158377	0.18681319	0.50390416	1.0	4740	tags=39%, list=24%, signal=52%	
GO:0006970	GO:0006970		171	-0.23612642	-1.1556145	0.11272727	0.50930136	1.0	4200	tags=30%, list=21%, signal=38%	
GO:0106310	GO:0106310		265	-0.22263777	-1.153145	0.0882353	0.5139351	1.0	2801	tags=24%, list=14%, signal=27%	
GO:0010857	GO:0010857		20	-0.3685855	-1.1506798	0.25790754	0.51855433	1.0	2958	tags=35%, list=15%, signal=41%	
GO:0010817	GO:0010817		116	-0.24504696	-1.1504679	0.12251656	0.5171588	1.0	3858	tags=27%, list=20%, signal=33%	
GO:0003924	GO:0003924		66	-0.2732433	-1.1500473	0.20364742	0.51632226	1.0	5290	tags=38%, list=27%, signal=52%	
GO:0018958	GO:0018958		17	-0.3845216	-1.147718	0.2642857	0.5204735	1.0	5633	tags=53%, list=29%, signal=74%	
GO:0009737	GO:0009737		223	-0.22672707	-1.1460102	0.13084112	0.5231078	1.0	4425	tags=30%, list=23%, signal=39%	
GO:0046395	GO:0046395		93	-0.25611776	-1.1452285	0.184375	0.523219	1.0	3740	tags=30%, list=19%, signal=37%	
GO:0032507	GO:0032507		15	-0.3955926	-1.1443008	0.26635513	0.5236832	1.0	4934	tags=33%, list=25%, signal=45%	
GO:0045185	GO:0045185		15	-0.3955926	-1.1442832	0.26650944	0.52179945	1.0	4934	tags=33%, list=25%, signal=45%	
GO:0001101	GO:0001101		143	-0.2359974	-1.1432847	0.14396887	0.522625	1.0	4331	tags=29%, list=22%, signal=37%	
GO:0033037	GO:0033037		15	-0.38817918	-1.1412177	0.2616137	0.5263547	1.0	4365	tags=47%, list=22%, signal=60%	
GO:0071496	GO:0071496		88	-0.25530386	-1.1374301	0.18128654	0.5346241	1.0	4431	tags=31%, list=23%, signal=39%	
GO:0015605	GO:0015605		19	-0.35732684	-1.1365137	0.25531915	0.53523344	1.0	3823	tags=37%, list=20%, signal=46%	
GO:0048767	GO:0048767		30	-0.3226322	-1.1350855	0.2421875	0.5370453	1.0	3146	tags=30%, list=16%, signal=36%	
GO:0048588	GO:0048588		63	-0.2703494	-1.1334963	0.22619048	0.53935003	1.0	3146	tags=25%, list=16%, signal=30%	
GO:0048589	GO:0048589		161	-0.2322773	-1.133144	0.1456693	0.53841656	1.0	3146	tags=24%, list=16%, signal=28%	
GO:0019783	GO:0019783		55	-0.2794495	-1.1320723	0.1871345	0.53928846	1.0	7066	tags=42%, list=36%, signal=65%	
GO:0010256	GO:0010256		52	-0.28726012	-1.1320302	0.2462908	0.537479	1.0	7823	tags=54%, list=40%, signal=89%	
GO:0006900	GO:0006900		17	-0.37650886	-1.1304255	0.27930173	0.5398698	1.0	6840	tags=47%, list=35%, signal=72%	
GO:0009408	GO:0009408		79	-0.2602302	-1.1285635	0.21498372	0.5431651	1.0	3963	tags=32%, list=20%, signal=40%	
GO:0008483	GO:0008483		39	-0.3009208	-1.126483	0.25745258	0.5467508	1.0	2209	tags=26%, list=11%, signal=29%	
GO:0016769	GO:0016769		39	-0.3009208	-1.1255257	0.24264705	0.5474733	1.0	2209	tags=26%, list=11%, signal=29%	
GO:0070646	GO:0070646		60	-0.273001	-1.1124187	0.2826087	0.58276284	1.0	6657	tags=38%, list=34%, signal=58%	
GO:0022622	GO:0022622		247	-0.21491301	-1.1122361	0.16216215	0.58127993	1.0	3151	tags=21%, list=16%, signal=24%	
GO:0004683	GO:0004683		21	-0.35389912	-1.1119461	0.26861703	0.5801702	1.0	2958	tags=33%, list=15%, signal=39%	
GO:0071446	GO:0071446		26	-0.32439795	-1.1118304	0.27804878	0.5784265	1.0	4365	tags=35%, list=22%, signal=44%	
GO:0000160	GO:0000160		81	-0.25491315	-1.110607	0.22560975	0.5799999	1.0	4335	tags=32%, list=22%, signal=41%	
GO:0009415	GO:0009415		140	-0.23546456	-1.1099027	0.17490494	0.5800592	1.0	4331	tags=29%, list=22%, signal=37%	
GO:0048364	GO:0048364		246	-0.21665257	-1.1082058	0.1800948	0.58309495	1.0	3151	tags=21%, list=16%, signal=24%	
GO:0050897	GO:0050897		32	-0.31393355	-1.107256	0.2962963	0.58380723	1.0	466	tags=16%, list=2%, signal=16%	
GO:0000932	GO:0000932		20	-0.34779978	-1.1047399	0.3112745	0.58929276	1.0	6265	tags=35%, list=32%, signal=51%	
GO:0023051	GO:0023051		120	-0.23724823	-1.104189	0.24381626	0.58887464	1.0	2990	tags=20%, list=15%, signal=23%	
GO:0098827	GO:0098827		294	-0.20884024	-1.0999042	0.12698413	0.59940284	1.0	3641	tags=18%, list=19%, signal=22%	
GO:0016746	GO:0016746		212	-0.21764009	-1.0998793	0.18061674	0.59743994	1.0	3488	tags=24%, list=18%, signal=29%	
GO:0016032	GO:0016032		19	-0.3557741	-1.0988047	0.32682925	0.5987888	1.0	5875	tags=53%, list=30%, signal=75%	
GO:0080147	GO:0080147		39	-0.28488904	-1.0969436	0.26546392	0.60212165	1.0	3596	tags=28%, list=18%, signal=34%	
GO:0044282	GO:0044282		142	-0.22927201	-1.0955385	0.2508711	0.6042506	1.0	1326	tags=16%, list=7%, signal=17%	
GO:0003714	GO:0003714		23	-0.3306906	-1.0944979	0.3106796	0.60554016	1.0	3481	tags=26%, list=18%, signal=32%	
GO:0010646	GO:0010646		122	-0.2355279	-1.0937545	0.24013157	0.60570025	1.0	2990	tags=20%, list=15%, signal=23%	
GO:0000123	GO:0000123		23	-0.33417788	-1.0900934	0.3394256	0.6144183	1.0	7767	tags=48%, list=40%, signal=79%	
GO:0008289	GO:0008289		132	-0.23424174	-1.0897694	0.24727273	0.613504	1.0	4395	tags=30%, list=22%, signal=39%	
GO:0009753	GO:0009753		67	-0.2577554	-1.0845622	0.2521994	0.6268976	1.0	2925	tags=22%, list=15%, signal=26%	
GO:0030036	GO:0030036		35	-0.302162	-1.0832593	0.30670103	0.6288932	1.0	5469	tags=49%, list=28%, signal=67%	
GO:0010218	GO:0010218		20	-0.35217503	-1.0823506	0.35280374	0.62950385	1.0	2912	tags=35%, list=15%, signal=41%	
GO:0048638	GO:0048638		46	-0.2815673	-1.0819716	0.3306233	0.62867796	1.0	4460	tags=30%, list=23%, signal=39%	
GO:0018209	GO:0018209		43	-0.28187126	-1.081759	0.28328612	0.62726897	1.0	2958	tags=26%, list=15%, signal=30%	
GO:0051084	GO:0051084		26	-0.31819242	-1.0811087	0.3232558	0.6272593	1.0	2469	tags=27%, list=13%, signal=31%	
GO:0048029	GO:0048029		17	-0.35143036	-1.0797689	0.3381295	0.62929064	1.0	4180	tags=35%, list=21%, signal=45%	
GO:0018105	GO:0018105		43	-0.28187126	-1.0760877	0.30362117	0.63830185	1.0	2958	tags=26%, list=15%, signal=30%	
GO:0006875	GO:0006875		29	-0.3078856	-1.074743	0.33417085	0.64028317	1.0	3112	tags=31%, list=16%, signal=37%	
GO:0005789	GO:0005789		293	-0.20912285	-1.07341	0.22905028	0.6422317	1.0	3641	tags=18%, list=19%, signal=22%	
GO:0050832	GO:0050832		106	-0.2335635	-1.0725352	0.3003096	0.6427563	1.0	3000	tags=24%, list=15%, signal=28%	
GO:0036464	GO:0036464		30	-0.3032155	-1.0722502	0.344473	0.641589	1.0	4635	tags=27%, list=24%, signal=35%	
GO:0019899	GO:0019899		177	-0.21971722	-1.0675122	0.25	0.6541494	1.0	2643	tags=20%, list=13%, signal=23%	
GO:0042175	GO:0042175		298	-0.20321487	-1.0647793	0.23728813	0.66073567	1.0	3641	tags=18%, list=19%, signal=22%	
GO:0051085	GO:0051085		26	-0.31819242	-1.0634694	0.35433072	0.66273594	1.0	2469	tags=27%, list=13%, signal=31%	
GO:0042886	GO:0042886		20	-0.34231097	-1.0630292	0.37437186	0.66213316	1.0	3192	tags=40%, list=16%, signal=48%	
GO:0031401	GO:0031401		25	-0.31800625	-1.0616683	0.3596059	0.6641431	1.0	5875	tags=56%, list=30%, signal=80%	
GO:2000280	GO:2000280		23	-0.33181807	-1.0608857	0.3529412	0.66450185	1.0	2990	tags=26%, list=15%, signal=31%	
GO:0048868	GO:0048868		54	-0.265673	-1.0605403	0.34972677	0.6634985	1.0	4403	tags=28%, list=22%, signal=36%	
GO:0006458	GO:0006458		28	-0.30726096	-1.0595218	0.35955057	0.6646821	1.0	2469	tags=25%, list=13%, signal=29%	
GO:0046910	GO:0046910		19	-0.34351248	-1.0560856	0.37712896	0.6735244	1.0	1366	tags=21%, list=7%, signal=23%	
GO:0022853	GO:0022853		26	-0.31322777	-1.0554615	0.36202532	0.6733882	1.0	3112	tags=23%, list=16%, signal=27%	
GO:0021700	GO:0021700		82	-0.24265185	-1.0552902	0.3364486	0.6719051	1.0	3596	tags=27%, list=18%, signal=33%	
GO:0071669	GO:0071669		85	-0.2387819	-1.0540495	0.35031846	0.6737741	1.0	5075	tags=38%, list=26%, signal=51%	
GO:0035770	GO:0035770		30	-0.3032155	-1.0523396	0.36754176	0.6770224	1.0	4635	tags=27%, list=24%, signal=35%	
GO:0051247	GO:0051247		64	-0.25248426	-1.0523036	0.32485875	0.6751054	1.0	4356	tags=30%, list=22%, signal=38%	
GO:0051701	GO:0051701		15	-0.36127752	-1.0506063	0.38235295	0.6785052	1.0	4758	tags=47%, list=24%, signal=62%	
GO:0044087	GO:0044087		28	-0.3002182	-1.0502993	0.3469388	0.67737013	1.0	5716	tags=43%, list=29%, signal=60%	
GO:0030695	GO:0030695		70	-0.24491191	-1.048856	0.3123123	0.6799024	1.0	6235	tags=37%, list=32%, signal=54%	
GO:0070828	GO:0070828		29	-0.30049354	-1.0475006	0.38586956	0.6823029	1.0	1893	tags=14%, list=10%, signal=15%	
GO:0008643	GO:0008643		53	-0.2588058	-1.0470961	0.35652173	0.6816442	1.0	3919	tags=26%, list=20%, signal=33%	
GO:0009735	GO:0009735		52	-0.2648541	-1.0454158	0.35344827	0.6851421	1.0	4186	tags=29%, list=21%, signal=37%	
GO:0047262	GO:0047262		18	-0.34242862	-1.0452672	0.3907767	0.68360674	1.0	3663	tags=33%, list=19%, signal=41%	
GO:0016052	GO:0016052		128	-0.22156432	-1.044456	0.31914893	0.68406326	1.0	2125	tags=18%, list=11%, signal=20%	
GO:0071396	GO:0071396		199	-0.2103826	-1.0437689	0.33333334	0.68417436	1.0	4802	tags=30%, list=25%, signal=39%	
GO:0016903	GO:0016903		38	-0.28470916	-1.0427457	0.386059	0.68544984	1.0	2758	tags=26%, list=14%, signal=31%	
GO:0019842	GO:0019842		78	-0.24317169	-1.0420758	0.34756097	0.68557245	1.0	2209	tags=21%, list=11%, signal=23%	
GO:0044403	GO:0044403		56	-0.259404	-1.039987	0.36627907	0.6901788	1.0	3535	tags=27%, list=18%, signal=33%	
GO:0008238	GO:0008238		64	-0.25153995	-1.039974	0.3837535	0.68821186	1.0	4851	tags=36%, list=25%, signal=48%	
GO:0006354	GO:0006354		64	-0.24779522	-1.0394245	0.34870318	0.687986	1.0	6056	tags=31%, list=31%, signal=45%	
GO:0048583	GO:0048583		271	-0.19957834	-1.036326	0.35025382	0.6956472	1.0	2990	tags=18%, list=15%, signal=21%	
GO:0035265	GO:0035265		17	-0.3502729	-1.0361476	0.3844156	0.69423836	1.0	5233	tags=47%, list=27%, signal=64%	
GO:0051049	GO:0051049		46	-0.26544404	-1.0351186	0.38681948	0.695579	1.0	5705	tags=39%, list=29%, signal=55%	
GO:0055028	GO:0055028		18	-0.33187655	-1.0332793	0.39800996	0.69940203	1.0	4740	tags=39%, list=24%, signal=51%	
GO:0008380	GO:0008380		173	-0.21215239	-1.0325243	0.348	0.6997334	1.0	7378	tags=39%, list=38%, signal=62%	
GO:0009896	GO:0009896		57	-0.2536906	-1.0322995	0.39449543	0.69845986	1.0	8002	tags=51%, list=41%, signal=86%	
GO:0031667	GO:0031667		104	-0.22608572	-1.0290737	0.37942123	0.706946	1.0	3310	tags=27%, list=17%, signal=32%	
GO:0000398	GO:0000398		126	-0.21756747	-1.0278289	0.40072203	0.7086998	1.0	7367	tags=37%, list=38%, signal=59%	
GO:0060589	GO:0060589		70	-0.24491191	-1.0270858	0.4063492	0.70899826	1.0	6235	tags=37%, list=32%, signal=54%	
GO:0080188	GO:0080188		17	-0.3425062	-1.0269319	0.39764705	0.70746845	1.0	602	tags=12%, list=3%, signal=12%	
GO:0007015	GO:0007015		33	-0.28476283	-1.0259176	0.40161726	0.7088542	1.0	5469	tags=48%, list=28%, signal=67%	
GO:0016050	GO:0016050		27	-0.29559126	-1.0245404	0.41288784	0.7112454	1.0	6840	tags=52%, list=35%, signal=80%	
GO:0060560	GO:0060560		102	-0.22558531	-1.0224392	0.39556962	0.71587616	1.0	3146	tags=25%, list=16%, signal=29%	
GO:0051173	GO:0051173		286	-0.19825801	-1.0220557	0.3401015	0.71516305	1.0	4383	tags=25%, list=22%, signal=32%	
GO:0003713	GO:0003713		27	-0.29998767	-1.0186317	0.40056023	0.7241625	1.0	2905	tags=19%, list=15%, signal=22%	
GO:0008374	GO:0008374		63	-0.24536681	-1.0160265	0.38905776	0.7305621	1.0	2243	tags=19%, list=11%, signal=21%	
GO:0009267	GO:0009267		69	-0.23876645	-1.0154384	0.42647058	0.7303392	1.0	4431	tags=29%, list=23%, signal=37%	
GO:0045892	GO:0045892		89	-0.22808589	-1.0146575	0.384375	0.73093796	1.0	6733	tags=43%, list=34%, signal=65%	
GO:0031461	GO:0031461		110	-0.2226967	-1.0132346	0.4248366	0.7336071	1.0	5149	tags=28%, list=26%, signal=38%	
GO:0048444	GO:0048444		15	-0.3465762	-1.0119867	0.44362745	0.7356854	1.0	2404	tags=27%, list=12%, signal=30%	
GO:0031507	GO:0031507		29	-0.30049354	-1.0104471	0.4362245	0.73887044	1.0	1893	tags=14%, list=10%, signal=15%	
GO:0051093	GO:0051093		60	-0.24810746	-1.0083336	0.39583334	0.74372774	1.0	1453	tags=13%, list=7%, signal=14%	
GO:1901505	GO:1901505		31	-0.28077218	-1.0074148	0.41237113	0.74473536	1.0	3823	tags=29%, list=20%, signal=36%	
GO:0101005	GO:0101005		50	-0.2520891	-1.0066727	0.45753425	0.74495107	1.0	6657	tags=36%, list=34%, signal=54%	
GO:0048581	GO:0048581		44	-0.26362544	-1.005822	0.42091152	0.7457641	1.0	1453	tags=16%, list=7%, signal=17%	
GO:0140718	GO:0140718		19	-0.32003325	-1.005774	0.4626506	0.7438947	1.0	602	tags=11%, list=3%, signal=11%	
GO:1903507	GO:1903507		89	-0.22808589	-1.0047948	0.4047619	0.74522114	1.0	6733	tags=43%, list=34%, signal=65%	
GO:1905957	GO:1905957		45	-0.2576809	-1.0046022	0.44031832	0.7438558	1.0	3352	tags=22%, list=17%, signal=27%	
GO:0062012	GO:0062012		50	-0.25435436	-1.0042639	0.45299146	0.7429289	1.0	2881	tags=24%, list=15%, signal=28%	
GO:0045491	GO:0045491		29	-0.28539917	-1.0033945	0.41984734	0.7435377	1.0	4201	tags=31%, list=21%, signal=39%	
GO:0005881	GO:0005881		22	-0.30894732	-1.0030125	0.41791046	0.7428173	1.0	4740	tags=36%, list=24%, signal=48%	
GO:0030162	GO:0030162		34	-0.27536315	-1.0028608	0.4308094	0.74133223	1.0	2199	tags=18%, list=11%, signal=20%	
GO:0006346	GO:0006346		18	-0.33399308	-1.0019765	0.42821783	0.74219227	1.0	602	tags=11%, list=3%, signal=11%	
GO:0016747	GO:0016747		172	-0.20820928	-0.9999862	0.47659576	0.7466678	1.0	3488	tags=24%, list=18%, signal=29%	
GO:0009694	GO:0009694		17	-0.3354032	-0.9999091	0.42227378	0.74493474	1.0	1991	tags=29%, list=10%, signal=33%	
GO:0009787	GO:0009787		45	-0.2576809	-0.9996741	0.46276596	0.74369544	1.0	3352	tags=22%, list=17%, signal=27%	
GO:1902679	GO:1902679		89	-0.22808589	-0.998921	0.45714286	0.7442383	1.0	6733	tags=43%, list=34%, signal=65%	
GO:0007127	GO:0007127		17	-0.33003446	-0.99849147	0.44063926	0.743762	1.0	3548	tags=24%, list=18%, signal=29%	
GO:0034440	GO:0034440		27	-0.30002484	-0.99701685	0.4512195	0.74645644	1.0	3555	tags=33%, list=18%, signal=41%	
GO:0010876	GO:0010876		89	-0.22541262	-0.9959907	0.45625	0.7475945	1.0	4115	tags=29%, list=21%, signal=37%	
GO:0019395	GO:0019395		27	-0.30002484	-0.99345773	0.44166666	0.7539481	1.0	3555	tags=33%, list=18%, signal=41%	
GO:0070566	GO:0070566		24	-0.30128354	-0.99259114	0.46717173	0.7547527	1.0	2693	tags=25%, list=14%, signal=29%	
GO:1901419	GO:1901419		45	-0.2576809	-0.99136525	0.46027398	0.7569362	1.0	3352	tags=22%, list=17%, signal=27%	
GO:0009626	GO:0009626		40	-0.26338157	-0.9912852	0.44444445	0.7552401	1.0	3220	tags=25%, list=16%, signal=30%	
GO:0004185	GO:0004185		34	-0.2730228	-0.9877928	0.47486034	0.76474285	1.0	4851	tags=41%, list=25%, signal=55%	
GO:0046777	GO:0046777		74	-0.23338011	-0.98763764	0.43648207	0.76331407	1.0	3643	tags=28%, list=19%, signal=35%	
GO:0030003	GO:0030003		32	-0.274851	-0.98763275	0.44329897	0.76138294	1.0	3112	tags=28%, list=16%, signal=33%	
GO:0030863	GO:0030863		20	-0.3123094	-0.9867246	0.45864663	0.76241434	1.0	6297	tags=50%, list=32%, signal=74%	
GO:0034050	GO:0034050		40	-0.26338157	-0.9844221	0.4857143	0.7676243	1.0	3220	tags=25%, list=16%, signal=30%	
GO:0051702	GO:0051702		40	-0.26338157	-0.9830026	0.45125347	0.7701631	1.0	3220	tags=25%, list=16%, signal=30%	
GO:0009740	GO:0009740		28	-0.29007992	-0.98292613	0.47330096	0.7684807	1.0	4200	tags=36%, list=21%, signal=45%	
GO:0051345	GO:0051345		34	-0.27124658	-0.9809718	0.4827586	0.77273726	1.0	6051	tags=38%, list=31%, signal=55%	
GO:0010565	GO:0010565		37	-0.26682374	-0.9797434	0.45526317	0.7747393	1.0	5316	tags=43%, list=27%, signal=59%	
GO:2000242	GO:2000242		25	-0.29135057	-0.97884285	0.49541286	0.7756201	1.0	5861	tags=36%, list=30%, signal=51%	
GO:0046903	GO:0046903		22	-0.30281404	-0.97681826	0.47435898	0.780124	1.0	4219	tags=36%, list=22%, signal=46%	
GO:0140352	GO:0140352		59	-0.23839258	-0.97596973	0.45930234	0.7808711	1.0	4219	tags=36%, list=22%, signal=45%	
GO:0010410	GO:0010410		42	-0.26156822	-0.9749122	0.49147728	0.78223455	1.0	3633	tags=31%, list=19%, signal=38%	
GO:0031072	GO:0031072		25	-0.29793382	-0.97476417	0.46132597	0.7807848	1.0	2469	tags=24%, list=13%, signal=27%	
GO:0030133	GO:0030133		16	-0.32525998	-0.974261	0.4978166	0.780472	1.0	6348	tags=44%, list=32%, signal=65%	
GO:0004843	GO:0004843		39	-0.2566719	-0.97271174	0.49860725	0.7834262	1.0	6657	tags=38%, list=34%, signal=58%	
GO:0043269	GO:0043269		18	-0.3140223	-0.9697903	0.4866828	0.79080325	1.0	5705	tags=50%, list=29%, signal=70%	
GO:0061982	GO:0061982		18	-0.31501308	-0.9654623	0.50446427	0.8026225	1.0	3548	tags=22%, list=18%, signal=27%	
GO:0140677	GO:0140677		114	-0.20607531	-0.9649264	0.5559322	0.8023404	1.0	6051	tags=36%, list=31%, signal=52%	
GO:0048438	GO:0048438		73	-0.22936143	-0.9645637	0.51359516	0.80145264	1.0	1071	tags=14%, list=5%, signal=14%	
GO:0004180	GO:0004180		44	-0.24556361	-0.96427166	0.52645504	0.80045426	1.0	4003	tags=30%, list=20%, signal=37%	
GO:0006972	GO:0006972		17	-0.32242724	-0.96374017	0.5346062	0.80007666	1.0	6161	tags=53%, list=31%, signal=77%	
GO:0030981	GO:0030981		19	-0.31156877	-0.9632041	0.51331717	0.7997568	1.0	4740	tags=37%, list=24%, signal=49%	
GO:0015297	GO:0015297		61	-0.23202913	-0.962948	0.5090361	0.7986322	1.0	1251	tags=13%, list=6%, signal=14%	
GO:0048466	GO:0048466		33	-0.26624393	-0.9628952	0.49382716	0.7968535	1.0	2912	tags=21%, list=15%, signal=25%	
GO:0030258	GO:0030258		46	-0.24716124	-0.9537302	0.5269461	0.8236746	1.0	3667	tags=33%, list=19%, signal=40%	
GO:0016620	GO:0016620		27	-0.28001317	-0.9493034	0.5442708	0.83572125	1.0	1759	tags=22%, list=9%, signal=24%	
GO:0043547	GO:0043547		29	-0.2721727	-0.9491201	0.57281554	0.8342352	1.0	6051	tags=41%, list=31%, signal=60%	
GO:0043087	GO:0043087		31	-0.26927772	-0.9482751	0.48507464	0.8349171	1.0	6051	tags=42%, list=31%, signal=61%	
GO:0042594	GO:0042594		84	-0.21749073	-0.9477855	0.55414015	0.834457	1.0	4431	tags=31%, list=23%, signal=40%	
GO:1901701	GO:1901701		264	-0.18244772	-0.9459965	0.69911504	0.83829075	1.0	4383	tags=26%, list=22%, signal=33%	
GO:0051539	GO:0051539		40	-0.25319308	-0.9453391	0.56692916	0.83833915	1.0	3030	tags=25%, list=15%, signal=30%	
GO:0005102	GO:0005102		30	-0.26826763	-0.9427808	0.548718	0.8446499	1.0	4324	tags=37%, list=22%, signal=47%	
GO:0019205	GO:0019205		21	-0.29904863	-0.94267243	0.52644837	0.84294903	1.0	3051	tags=33%, list=16%, signal=39%	
GO:0006986	GO:0006986		16	-0.31881908	-0.94002336	0.5299539	0.8491953	1.0	4139	tags=38%, list=21%, signal=48%	
GO:0140546	GO:0140546		26	-0.27724567	-0.93969333	0.5288684	0.8482862	1.0	4978	tags=42%, list=25%, signal=57%	
GO:0045814	GO:0045814		31	-0.26838145	-0.93735313	0.5677083	0.8534623	1.0	1893	tags=13%, list=10%, signal=14%	
GO:0000103	GO:0000103		15	-0.31998703	-0.9373017	0.52380955	0.8515929	1.0	1533	tags=27%, list=8%, signal=29%	
GO:0034620	GO:0034620		16	-0.31881908	-0.9351425	0.56281406	0.85623413	1.0	4139	tags=38%, list=21%, signal=48%	
GO:0048443	GO:0048443		33	-0.26624393	-0.9343783	0.58354753	0.85664225	1.0	2912	tags=21%, list=15%, signal=25%	
GO:0031625	GO:0031625		40	-0.24728362	-0.93393	0.55142856	0.85603464	1.0	2643	tags=25%, list=13%, signal=29%	
GO:0000956	GO:0000956		30	-0.2649469	-0.93262035	0.56623375	0.8581058	1.0	5714	tags=27%, list=29%, signal=38%	
GO:0010604	GO:0010604		296	-0.18139637	-0.9325384	0.7329843	0.8563491	1.0	4383	tags=24%, list=22%, signal=30%	
GO:0031325	GO:0031325		281	-0.17998062	-0.93166226	0.7692308	0.85712916	1.0	4383	tags=24%, list=22%, signal=30%	
GO:0051607	GO:0051607		26	-0.27724567	-0.92788297	0.58381504	0.8666501	1.0	4978	tags=42%, list=25%, signal=57%	
GO:1903508	GO:1903508		187	-0.18450718	-0.9277997	0.7079646	0.8648997	1.0	4383	tags=25%, list=22%, signal=32%	
GO:0006997	GO:0006997		30	-0.26238298	-0.92525554	0.581864	0.8707456	1.0	2318	tags=20%, list=12%, signal=23%	
GO:0005654	GO:0005654		185	-0.18676637	-0.9226619	0.70168066	0.87665755	1.0	5226	tags=25%, list=27%, signal=34%	
GO:1902680	GO:1902680		187	-0.18450718	-0.9208478	0.7238806	0.880114	1.0	4383	tags=25%, list=22%, signal=32%	
GO:0016579	GO:0016579		52	-0.23255077	-0.91889256	0.56334233	0.88423556	1.0	6657	tags=35%, list=34%, signal=52%	
GO:1901264	GO:1901264		34	-0.25776207	-0.91831744	0.5750636	0.88401866	1.0	980	tags=15%, list=5%, signal=15%	
GO:0019829	GO:0019829		21	-0.2818219	-0.91704834	0.58104736	0.88581145	1.0	6165	tags=48%, list=31%, signal=69%	
GO:0000377	GO:0000377		135	-0.19228227	-0.91652054	0.70989764	0.88539106	1.0	7367	tags=36%, list=38%, signal=58%	
GO:0030029	GO:0030029		42	-0.24061167	-0.9161961	0.59681696	0.88440746	1.0	5469	tags=45%, list=28%, signal=63%	
GO:0098772	GO:0098772		259	-0.17793842	-0.9158657	0.77720207	0.8834011	1.0	4443	tags=25%, list=23%, signal=32%	
GO:0050793	GO:0050793		275	-0.17677398	-0.912931	0.8078818	0.8901601	1.0	4331	tags=25%, list=22%, signal=31%	
GO:0004722	GO:0004722		71	-0.21289967	-0.9122353	0.65102637	0.8902925	1.0	4053	tags=28%, list=21%, signal=35%	
GO:0010150	GO:0010150		40	-0.24406385	-0.9121844	0.6122449	0.8884308	1.0	3000	tags=23%, list=15%, signal=27%	
GO:0009860	GO:0009860		37	-0.24915949	-0.91187805	0.59279776	0.8873974	1.0	4168	tags=30%, list=21%, signal=38%	
GO:0009894	GO:0009894		81	-0.20994285	-0.91156834	0.69018406	0.88640994	1.0	4356	tags=21%, list=22%, signal=27%	
GO:0009965	GO:0009965		52	-0.22523268	-0.9112206	0.6142433	0.8854854	1.0	3725	tags=25%, list=19%, signal=31%	
GO:0005681	GO:0005681		110	-0.19839068	-0.90961975	0.67168677	0.8881612	1.0	6233	tags=29%, list=32%, signal=42%	
GO:0050661	GO:0050661		33	-0.25516677	-0.9076639	0.5943396	0.8918949	1.0	1241	tags=18%, list=6%, signal=19%	
GO:0061077	GO:0061077		32	-0.25442925	-0.9071703	0.60638297	0.891348	1.0	2469	tags=22%, list=13%, signal=25%	
GO:0016776	GO:0016776		19	-0.28526735	-0.90522337	0.60911274	0.8950308	1.0	3051	tags=32%, list=16%, signal=37%	
GO:1901681	GO:1901681		16	-0.3055411	-0.9034506	0.5891089	0.8984044	1.0	1470	tags=19%, list=8%, signal=20%	
GO:1905392	GO:1905392		195	-0.18163167	-0.90318006	0.79148936	0.897195	1.0	3827	tags=22%, list=20%, signal=27%	
GO:0007033	GO:0007033		20	-0.285839	-0.90216506	0.59232616	0.8982229	1.0	6495	tags=45%, list=33%, signal=67%	
GO:0031406	GO:0031406		53	-0.22250418	-0.9021263	0.6906667	0.89636153	1.0	4412	tags=34%, list=23%, signal=44%	
GO:0071398	GO:0071398		34	-0.2512143	-0.90208846	0.5926893	0.89454347	1.0	4894	tags=35%, list=25%, signal=47%	
GO:0045893	GO:0045893		186	-0.18096843	-0.9011462	0.8097166	0.89529043	1.0	4383	tags=25%, list=22%, signal=32%	
GO:0046916	GO:0046916		17	-0.30393082	-0.900411	0.6086956	0.89543253	1.0	3112	tags=35%, list=16%, signal=42%	
GO:0030148	GO:0030148		15	-0.31538147	-0.900285	0.5981308	0.89380175	1.0	4316	tags=40%, list=22%, signal=51%	
GO:0034219	GO:0034219		25	-0.26694715	-0.900261	0.6226913	0.8919383	1.0	3919	tags=36%, list=20%, signal=45%	
GO:0005771	GO:0005771		17	-0.30022514	-0.8995862	0.59313726	0.89176905	1.0	7050	tags=59%, list=36%, signal=92%	
GO:0005741	GO:0005741		32	-0.25331756	-0.8990347	0.65066665	0.89136034	1.0	4691	tags=22%, list=24%, signal=29%	
GO:0098661	GO:0098661		20	-0.29026613	-0.897727	0.6313253	0.89326626	1.0	5858	tags=55%, list=30%, signal=78%	
GO:0044389	GO:0044389		41	-0.23974076	-0.8965806	0.6393862	0.89458954	1.0	2643	tags=24%, list=13%, signal=28%	
GO:0051240	GO:0051240		35	-0.24258204	-0.8958525	0.66323906	0.89471066	1.0	4125	tags=34%, list=21%, signal=43%	
GO:0032879	GO:0032879		52	-0.22569253	-0.8924724	0.6676218	0.90243095	1.0	5705	tags=37%, list=29%, signal=51%	
GO:0000375	GO:0000375		135	-0.19228227	-0.8919019	0.7366412	0.90219873	1.0	7367	tags=36%, list=38%, signal=58%	
GO:0045935	GO:0045935		233	-0.17494085	-0.89139307	0.8552632	0.90166664	1.0	4383	tags=23%, list=22%, signal=30%	
GO:0018345	GO:0018345		16	-0.30272716	-0.89094347	0.6043689	0.9010362	1.0	4598	tags=44%, list=23%, signal=57%	
GO:0045492	GO:0045492		21	-0.27590787	-0.8907272	0.6303192	0.8996999	1.0	4201	tags=33%, list=21%, signal=42%	
GO:0051254	GO:0051254		219	-0.17490876	-0.8903918	0.8333333	0.89870596	1.0	4383	tags=23%, list=22%, signal=30%	
GO:0005096	GO:0005096		52	-0.22795963	-0.88965386	0.6876791	0.8988832	1.0	4988	tags=27%, list=25%, signal=36%	
GO:0009832	GO:0009832		58	-0.22019264	-0.88943845	0.6834734	0.8976205	1.0	4463	tags=31%, list=23%, signal=40%	
GO:0009664	GO:0009664		46	-0.22416772	-0.88824207	0.65768194	0.8989871	1.0	5075	tags=37%, list=26%, signal=50%	
GO:0051241	GO:0051241		51	-0.22537774	-0.8855535	0.6909621	0.90422815	1.0	1453	tags=14%, list=7%, signal=15%	
GO:0006325	GO:0006325		148	-0.1852699	-0.8855035	0.7533784	0.902451	1.0	5789	tags=29%, list=30%, signal=41%	
GO:0009690	GO:0009690		15	-0.30372146	-0.885147	0.6261468	0.90145874	1.0	2672	tags=20%, list=14%, signal=23%	
GO:0051347	GO:0051347		19	-0.2828712	-0.8839515	0.61904764	0.90278625	1.0	5875	tags=47%, list=30%, signal=68%	
GO:0008047	GO:0008047		82	-0.19952042	-0.88356215	0.7435065	0.90194273	1.0	4988	tags=28%, list=25%, signal=37%	
GO:0048440	GO:0048440		32	-0.24821278	-0.883324	0.6216216	0.90071976	1.0	1071	tags=16%, list=5%, signal=17%	
GO:0018193	GO:0018193		215	-0.17761953	-0.88107544	0.8660714	0.9049708	1.0	5199	tags=30%, list=27%, signal=41%	
GO:0009867	GO:0009867		27	-0.25573105	-0.8773508	0.64444447	0.9127655	1.0	5394	tags=41%, list=28%, signal=56%	
GO:0015144	GO:0015144		25	-0.26694715	-0.8754562	0.659204	0.9158295	1.0	3919	tags=36%, list=20%, signal=45%	
GO:0003899	GO:0003899		24	-0.25977138	-0.872488	0.6614987	0.9217452	1.0	2830	tags=13%, list=14%, signal=15%	
GO:0008234	GO:0008234		69	-0.20705648	-0.87189496	0.75076926	0.92145336	1.0	6918	tags=46%, list=35%, signal=71%	
GO:0006665	GO:0006665		26	-0.2597663	-0.8707427	0.6553398	0.922456	1.0	6610	tags=54%, list=34%, signal=81%	
GO:0008202	GO:0008202		51	-0.22030593	-0.86880106	0.73816156	0.9254598	1.0	2086	tags=18%, list=11%, signal=20%	
GO:0015085	GO:0015085		16	-0.29075813	-0.8680379	0.64285713	0.9254633	1.0	2786	tags=31%, list=14%, signal=36%	
GO:0046854	GO:0046854		21	-0.2709713	-0.8675874	0.69135803	0.92475975	1.0	5040	tags=48%, list=26%, signal=64%	
GO:0008408	GO:0008408		19	-0.28574613	-0.8674291	0.677665	0.9232675	1.0	3316	tags=26%, list=17%, signal=32%	
GO:0010941	GO:0010941		37	-0.2321644	-0.866345	0.6683417	0.9241211	1.0	2068	tags=16%, list=11%, signal=18%	
GO:0070588	GO:0070588		16	-0.29075813	-0.86590815	0.6633663	0.92336214	1.0	2786	tags=31%, list=14%, signal=36%	
GO:0010557	GO:0010557		199	-0.17331076	-0.85826135	0.8987854	0.93995494	1.0	4383	tags=25%, list=22%, signal=31%	
GO:0070988	GO:0070988		15	-0.2984243	-0.8568937	0.65986395	0.94127107	1.0	5032	tags=27%, list=26%, signal=36%	
GO:0035194	GO:0035194		32	-0.24052523	-0.85581285	0.7393617	0.9419456	1.0	2175	tags=16%, list=11%, signal=18%	
GO:0048467	GO:0048467		36	-0.2332022	-0.8557969	0.7131579	0.9400852	1.0	1071	tags=14%, list=5%, signal=15%	
GO:0003682	GO:0003682		85	-0.19298139	-0.8551891	0.8233439	0.93962723	1.0	4972	tags=26%, list=25%, signal=35%	
GO:0009910	GO:0009910		20	-0.26968363	-0.8534008	0.6821516	0.94193107	1.0	5861	tags=35%, list=30%, signal=50%	
GO:0072527	GO:0072527		32	-0.23942952	-0.8523398	0.7419355	0.9425685	1.0	3983	tags=34%, list=20%, signal=43%	
GO:0035970	GO:0035970		25	-0.25700572	-0.85056776	0.7	0.94492584	1.0	4053	tags=36%, list=21%, signal=45%	
GO:0006869	GO:0006869		81	-0.19485545	-0.8501154	0.82515335	0.9441344	1.0	4115	tags=28%, list=21%, signal=36%	
GO:0016407	GO:0016407		69	-0.20292588	-0.84948957	0.8	0.9437965	1.0	2440	tags=17%, list=12%, signal=20%	
GO:0015698	GO:0015698		37	-0.23074596	-0.84745944	0.71282053	0.94683325	1.0	5858	tags=49%, list=30%, signal=69%	
GO:0006816	GO:0006816		17	-0.28656504	-0.84739625	0.6816038	0.94509345	1.0	2786	tags=29%, list=14%, signal=34%	
GO:0008235	GO:0008235		15	-0.28382796	-0.8432802	0.68686867	0.9527241	1.0	4645	tags=40%, list=24%, signal=52%	
GO:0006289	GO:0006289		17	-0.28111893	-0.8419307	0.67772514	0.953867	1.0	7332	tags=41%, list=37%, signal=66%	
GO:0080022	GO:0080022		15	-0.28469628	-0.8418163	0.7019231	0.95226234	1.0	2874	tags=27%, list=15%, signal=31%	
GO:0010078	GO:0010078		21	-0.26384044	-0.84148335	0.73264784	0.9510997	1.0	2990	tags=24%, list=15%, signal=28%	
GO:0090630	GO:0090630		24	-0.25925586	-0.83962697	0.70454544	0.9532442	1.0	6051	tags=38%, list=31%, signal=54%	
GO:0042538	GO:0042538		16	-0.28782874	-0.83893985	0.71666664	0.9530415	1.0	6161	tags=50%, list=31%, signal=73%	
GO:0019199	GO:0019199		49	-0.215853	-0.83609897	0.7867435	0.9571766	1.0	4563	tags=33%, list=23%, signal=42%	
GO:0004620	GO:0004620		16	-0.2808122	-0.83240795	0.7173333	0.96335006	1.0	4243	tags=44%, list=22%, signal=56%	
GO:0006338	GO:0006338		89	-0.18745296	-0.83194435	0.83692306	0.96240795	1.0	5336	tags=26%, list=27%, signal=35%	
GO:0005667	GO:0005667		76	-0.19231376	-0.8312488	0.86238533	0.96191037	1.0	6441	tags=34%, list=33%, signal=51%	
GO:0006367	GO:0006367		25	-0.24483535	-0.82780486	0.7369727	0.9670894	1.0	14794	tags=100%, list=76%, signal=409%	
GO:0140658	GO:0140658		21	-0.259355	-0.8272639	0.7250608	0.9663725	1.0	4810	tags=38%, list=25%, signal=50%	
GO:0006886	GO:0006886		216	-0.16618763	-0.82603085	0.9613734	0.96707827	1.0	5594	tags=30%, list=29%, signal=42%	
GO:0018212	GO:0018212		51	-0.2042377	-0.82514197	0.8219585	0.967013	1.0	4679	tags=31%, list=24%, signal=41%	
GO:0006221	GO:0006221		17	-0.2749737	-0.82481366	0.7210884	0.9657492	1.0	3983	tags=41%, list=20%, signal=52%	
GO:0016441	GO:0016441		35	-0.2271368	-0.8220325	0.78516626	0.9695744	1.0	2175	tags=14%, list=11%, signal=16%	
GO:0030134	GO:0030134		24	-0.24662848	-0.8179763	0.7389163	0.97585934	1.0	7749	tags=50%, list=40%, signal=83%	
GO:0031047	GO:0031047		65	-0.1990878	-0.81539994	0.88125	0.97894216	1.0	2175	tags=12%, list=11%, signal=14%	
GO:0030234	GO:0030234		234	-0.16085047	-0.8144387	0.98660713	0.9789265	1.0	4443	tags=24%, list=23%, signal=30%	
GO:0051253	GO:0051253		98	-0.18171294	-0.8136575	0.8986928	0.9786021	1.0	6733	tags=41%, list=34%, signal=62%	
GO:0055082	GO:0055082		53	-0.20288812	-0.8135277	0.8559078	0.97697634	1.0	3112	tags=25%, list=16%, signal=29%	
GO:0051128	GO:0051128		90	-0.18457104	-0.8118523	0.89053255	0.97826034	1.0	5965	tags=38%, list=30%, signal=54%	
GO:0006397	GO:0006397		242	-0.1586039	-0.8110014	0.9915254	0.9780821	1.0	7378	tags=34%, list=38%, signal=54%	
GO:0004713	GO:0004713		50	-0.20900548	-0.81043637	0.829912	0.97732055	1.0	4679	tags=32%, list=24%, signal=42%	
GO:0018108	GO:0018108		51	-0.2042377	-0.8098612	0.83908045	0.97662294	1.0	4679	tags=31%, list=24%, signal=41%	
GO:0006457	GO:0006457		89	-0.1847783	-0.8076859	0.88927335	0.97886515	1.0	2469	tags=15%, list=13%, signal=17%	
GO:0034762	GO:0034762		17	-0.2708498	-0.80715245	0.75578403	0.97805285	1.0	5705	tags=41%, list=29%, signal=58%	
GO:0010562	GO:0010562		16	-0.26916584	-0.8042812	0.73255813	0.98153174	1.0	5875	tags=56%, list=30%, signal=80%	
GO:0033612	GO:0033612		17	-0.26074973	-0.804106	0.7310705	0.9800507	1.0	2430	tags=24%, list=12%, signal=27%	
GO:0097435	GO:0097435		61	-0.19397683	-0.8033835	0.88429755	0.97950554	1.0	5637	tags=36%, list=29%, signal=50%	
GO:0006888	GO:0006888		44	-0.21061617	-0.8009061	0.8328912	0.9820575	1.0	6428	tags=30%, list=33%, signal=44%	
GO:0006220	GO:0006220		18	-0.2628283	-0.79993135	0.78054863	0.9818925	1.0	5735	tags=56%, list=29%, signal=78%	
GO:0043455	GO:0043455		15	-0.27478072	-0.79664433	0.7493858	0.985687	1.0	2794	tags=27%, list=14%, signal=31%	
GO:0044093	GO:0044093		67	-0.18976466	-0.79546446	0.8976608	0.9858977	1.0	6051	tags=39%, list=31%, signal=56%	
GO:0090697	GO:0090697		52	-0.19770554	-0.79517597	0.868984	0.9845445	1.0	1334	tags=12%, list=7%, signal=12%	
GO:0036452	GO:0036452		16	-0.26501036	-0.7920142	0.7855422	0.988061	1.0	7345	tags=63%, list=38%, signal=100%	
GO:0010383	GO:0010383		56	-0.19892345	-0.791594	0.8371429	0.98696923	1.0	4761	tags=30%, list=24%, signal=40%	
GO:1903311	GO:1903311		55	-0.19683449	-0.79151136	0.8921833	0.9852718	1.0	7601	tags=40%, list=39%, signal=65%	
GO:0045937	GO:0045937		16	-0.26916584	-0.7907666	0.7512195	0.9846966	1.0	5875	tags=56%, list=30%, signal=80%	
GO:0015103	GO:0015103		25	-0.2394059	-0.7873609	0.8125	0.9883691	1.0	6148	tags=52%, list=31%, signal=76%	
GO:0019706	GO:0019706		15	-0.27445823	-0.7872523	0.752	0.9867566	1.0	4598	tags=40%, list=23%, signal=52%	
GO:0000785	GO:0000785		117	-0.16865163	-0.7835887	0.9652778	0.9907474	1.0	3437	tags=17%, list=18%, signal=21%	
GO:0019707	GO:0019707		15	-0.27445823	-0.7834715	0.76616913	0.9891216	1.0	4598	tags=40%, list=23%, signal=52%	
GO:0031329	GO:0031329		59	-0.1911335	-0.7829329	0.9077381	0.9881442	1.0	4356	tags=22%, list=22%, signal=28%	
GO:0120025	GO:0120025		19	-0.24636997	-0.7826207	0.7877238	0.9868248	1.0	5040	tags=42%, list=26%, signal=57%	
GO:0040029	GO:0040029		46	-0.20038839	-0.77932984	0.88265306	0.9900226	1.0	5032	tags=22%, list=26%, signal=29%	
GO:0017018	GO:0017018		67	-0.18399566	-0.7770918	0.9221902	0.9917955	1.0	4053	tags=27%, list=21%, signal=34%	
GO:0016126	GO:0016126		24	-0.23476121	-0.7766078	0.8333333	0.99065757	1.0	2086	tags=21%, list=11%, signal=23%	
GO:0051336	GO:0051336		61	-0.1916772	-0.7763286	0.8994083	0.989308	1.0	3481	tags=21%, list=18%, signal=26%	
GO:0009101	GO:0009101		95	-0.17243133	-0.7759975	0.9655172	0.98798364	1.0	3435	tags=13%, list=18%, signal=15%	
GO:0140678	GO:0140678		88	-0.17607763	-0.77528054	0.93968254	0.98724294	1.0	4433	tags=26%, list=23%, signal=34%	
GO:0043413	GO:0043413		95	-0.17243133	-0.7743575	0.94736844	0.98675674	1.0	3435	tags=13%, list=18%, signal=15%	
GO:0006486	GO:0006486		95	-0.17243133	-0.7737061	0.95424837	0.985914	1.0	3435	tags=13%, list=18%, signal=15%	
GO:0018205	GO:0018205		69	-0.18382089	-0.77210695	0.9201278	0.9864136	1.0	6726	tags=42%, list=34%, signal=64%	
GO:0071368	GO:0071368		41	-0.20120619	-0.7679076	0.8582474	0.99050146	1.0	4186	tags=24%, list=21%, signal=31%	
GO:0016409	GO:0016409		17	-0.25728345	-0.7665221	0.81632656	0.99053985	1.0	4598	tags=41%, list=23%, signal=54%	
GO:0003724	GO:0003724		45	-0.19810858	-0.76618016	0.9203297	0.9892347	1.0	7531	tags=47%, list=38%, signal=76%	
GO:0009932	GO:0009932		49	-0.19592923	-0.7621093	0.90933335	0.9929993	1.0	4168	tags=27%, list=21%, signal=34%	
GO:0035303	GO:0035303		24	-0.2322708	-0.7580401	0.84777516	0.99655426	1.0	4912	tags=33%, list=25%, signal=44%	
GO:0008186	GO:0008186		45	-0.19810858	-0.7580273	0.9074074	0.9948057	1.0	7531	tags=47%, list=38%, signal=76%	
GO:0000288	GO:0000288		15	-0.2570786	-0.75602466	0.81351984	0.99546695	1.0	14552	tags=100%, list=74%, signal=389%	
GO:0006352	GO:0006352		43	-0.19568633	-0.75566983	0.9244792	0.99419147	1.0	5234	tags=23%, list=27%, signal=32%	
GO:0045934	GO:0045934		114	-0.16189453	-0.7544629	0.97077924	0.99389404	1.0	2131	tags=12%, list=11%, signal=14%	
GO:0070085	GO:0070085		102	-0.16551585	-0.7537504	0.97096777	0.9931024	1.0	2306	tags=10%, list=12%, signal=11%	
GO:0005684	GO:0005684		32	-0.20660903	-0.7515378	0.8962025	0.99399483	1.0	15543	tags=100%, list=79%, signal=484%	
GO:0009736	GO:0009736		37	-0.20314871	-0.74932307	0.8967391	0.9947955	1.0	4186	tags=24%, list=21%, signal=31%	
GO:2000028	GO:2000028		29	-0.21701674	-0.7491768	0.8948718	0.9932134	1.0	2164	tags=14%, list=11%, signal=15%	
GO:0042393	GO:0042393		54	-0.18220758	-0.7428249	0.9168831	0.998733	1.0	6238	tags=30%, list=32%, signal=43%	
GO:0048582	GO:0048582		28	-0.21592216	-0.7408622	0.87371135	0.9991802	1.0	4125	tags=32%, list=21%, signal=41%	
GO:1903293	GO:1903293		18	-0.24178296	-0.7379409	0.8384615	1.0	1.0	14852	tags=100%, list=76%, signal=414%	
GO:0140534	GO:0140534		65	-0.17694639	-0.73394454	0.95170456	1.0	1.0	3551	tags=15%, list=18%, signal=19%	
GO:0034728	GO:0034728		21	-0.22761549	-0.7318967	0.8717949	1.0	1.0	2575	tags=19%, list=13%, signal=22%	
GO:0008287	GO:0008287		18	-0.24178296	-0.7318409	0.8484849	1.0	1.0	14852	tags=100%, list=76%, signal=414%	
GO:0009100	GO:0009100		98	-0.16234833	-0.73088014	0.9874608	1.0	1.0	3435	tags=12%, list=18%, signal=15%	
GO:0000041	GO:0000041		20	-0.23092832	-0.7288153	0.86585367	1.0	1.0	2540	tags=25%, list=13%, signal=29%	
GO:0009225	GO:0009225		28	-0.20750314	-0.7286146	0.90231365	1.0	1.0	3220	tags=25%, list=16%, signal=30%	
GO:0044038	GO:0044038		38	-0.1923382	-0.72773004	0.9085714	0.9992832	1.0	4761	tags=26%, list=24%, signal=35%	
GO:0048508	GO:0048508		15	-0.25168145	-0.72607875	0.8588517	0.99914265	1.0	2874	tags=27%, list=15%, signal=31%	
GO:0006643	GO:0006643		65	-0.17608806	-0.7259163	0.9542683	0.9976134	1.0	6770	tags=43%, list=35%, signal=66%	
GO:0033218	GO:0033218		48	-0.18696441	-0.72569567	0.9364641	0.9961139	1.0	5802	tags=35%, list=30%, signal=50%	
GO:0016810	GO:0016810		53	-0.17937666	-0.7243433	0.96033996	0.99566454	1.0	4007	tags=23%, list=20%, signal=28%	
GO:0005666	GO:0005666		18	-0.23594512	-0.722814	0.8679245	0.9954587	1.0	8183	tags=50%, list=42%, signal=86%	
GO:0010075	GO:0010075		17	-0.23659718	-0.72261614	0.8626506	0.99393946	1.0	2579	tags=18%, list=13%, signal=20%	
GO:0031327	GO:0031327		135	-0.15191902	-0.72052985	0.99264705	0.99423987	1.0	6733	tags=37%, list=34%, signal=56%	
GO:0044275	GO:0044275		21	-0.22549796	-0.7182642	0.89002556	0.99460214	1.0	3491	tags=29%, list=18%, signal=35%	
GO:0070592	GO:0070592		36	-0.19766869	-0.7182208	0.9245283	0.9929515	1.0	4761	tags=28%, list=24%, signal=37%	
GO:0042158	GO:0042158		47	-0.18123461	-0.7170026	0.94214875	0.9924042	1.0	7425	tags=45%, list=38%, signal=72%	
GO:0006004	GO:0006004		28	-0.20918806	-0.71516025	0.8992443	0.9923466	1.0	1364	tags=11%, list=7%, signal=12%	
GO:0006497	GO:0006497		47	-0.18123461	-0.71485054	0.93390805	0.9909523	1.0	7425	tags=45%, list=38%, signal=72%	
GO:0009890	GO:0009890		136	-0.1515342	-0.71466756	1.0	0.98946375	1.0	6733	tags=37%, list=34%, signal=56%	
GO:0070589	GO:0070589		38	-0.1923382	-0.714584	0.9347258	0.9878787	1.0	4761	tags=26%, list=24%, signal=35%	
GO:0010921	GO:0010921		17	-0.24121036	-0.7132822	0.90047395	0.9873925	1.0	4702	tags=35%, list=24%, signal=46%	
GO:0004197	GO:0004197		32	-0.20463169	-0.71222836	0.9177719	0.98662156	1.0	5742	tags=44%, list=29%, signal=62%	
GO:0042157	GO:0042157		49	-0.18167946	-0.71198094	0.9742857	0.9852122	1.0	7491	tags=45%, list=38%, signal=73%	
GO:0005764	GO:0005764		30	-0.20123711	-0.7090145	0.9436275	0.9859875	1.0	5742	tags=43%, list=29%, signal=61%	
GO:0040034	GO:0040034		20	-0.22267275	-0.70577437	0.92771083	0.9868681	1.0	2661	tags=20%, list=14%, signal=23%	
GO:0004177	GO:0004177		15	-0.24641556	-0.7039036	0.8578554	0.98668355	1.0	4645	tags=40%, list=24%, signal=52%	
GO:0005788	GO:0005788		17	-0.23593858	-0.7018579	0.8987952	0.98663634	1.0	3858	tags=29%, list=20%, signal=37%	
GO:0055072	GO:0055072		15	-0.24450915	-0.7016893	0.8657407	0.9851259	1.0	3064	tags=27%, list=16%, signal=32%	
GO:0042995	GO:0042995		28	-0.20006232	-0.6888227	0.9162437	0.9925946	1.0	5469	tags=43%, list=28%, signal=59%	
GO:0043622	GO:0043622		16	-0.2329702	-0.6862455	0.9113924	0.9927124	1.0	4740	tags=25%, list=24%, signal=33%	
GO:0031123	GO:0031123		46	-0.17427726	-0.68156254	0.9713467	0.99409145	1.0	4142	tags=15%, list=21%, signal=19%	
GO:0010558	GO:0010558		130	-0.14414895	-0.6795694	1.0	0.99371487	1.0	6733	tags=36%, list=34%, signal=55%	
GO:0034062	GO:0034062		27	-0.19715078	-0.67921513	0.94865525	0.9923311	1.0	3603	tags=15%, list=18%, signal=18%	
GO:0097747	GO:0097747		27	-0.19715078	-0.67311096	0.94545454	0.99433845	1.0	3603	tags=15%, list=18%, signal=18%	
GO:0042430	GO:0042430		28	-0.19116788	-0.6688603	0.95165396	0.9951989	1.0	4585	tags=29%, list=23%, signal=37%	
GO:0033365	GO:0033365		154	-0.13922043	-0.66788954	1.0	0.99409574	1.0	6158	tags=30%, list=31%, signal=43%	
GO:0051020	GO:0051020		19	-0.21608174	-0.667877	0.9307159	0.99248344	1.0	6595	tags=47%, list=34%, signal=71%	
GO:0071013	GO:0071013		41	-0.17447974	-0.6671041	0.96850395	0.9912966	1.0	2052	tags=10%, list=10%, signal=11%	
GO:0005686	GO:0005686		22	-0.20650339	-0.6639104	0.9485459	0.99136853	1.0	15543	tags=100%, list=79%, signal=484%	
GO:0071010	GO:0071010		15	-0.22129099	-0.6534143	0.9513889	0.99486864	1.0	1885	tags=13%, list=10%, signal=15%	
GO:0071004	GO:0071004		15	-0.22129099	-0.6344111	0.95662653	1.0	1.0	1885	tags=13%, list=10%, signal=15%	
GO:0006534	GO:0006534		15	-0.21777278	-0.6339229	0.95238096	0.99979204	1.0	4327	tags=27%, list=22%, signal=34%	
GO:0120114	GO:0120114		52	-0.15848225	-0.62564135	0.9941349	1.0	1.0	16487	tags=100%, list=84%, signal=631%	
GO:0005689	GO:0005689		17	-0.20645061	-0.62336206	0.9701493	1.0	1.0	15543	tags=100%, list=79%, signal=484%	
GO:0097525	GO:0097525		48	-0.1584498	-0.621591	0.99712646	0.9991846	1.0	16487	tags=100%, list=84%, signal=631%	
GO:0035304	GO:0035304		21	-0.19486298	-0.6197191	0.968	0.99818176	1.0	4912	tags=29%, list=25%, signal=38%	
GO:0006505	GO:0006505		29	-0.1788696	-0.61262864	0.98433423	0.9986869	1.0	7425	tags=45%, list=38%, signal=72%	
GO:0030532	GO:0030532		48	-0.1584498	-0.6065848	1.0	0.99870116	1.0	16487	tags=100%, list=84%, signal=631%	
GO:0043666	GO:0043666		15	-0.19789858	-0.5691555	0.97836536	1.0	1.0	3982	tags=27%, list=20%, signal=33%	
GO:0071824	GO:0071824		39	-0.14358659	-0.53790146	1.0	1.0	1.0	5251	tags=26%, list=27%, signal=35%	
GO:1903313	GO:1903313		31	-0.15162098	-0.5308481	0.99730456	1.0	1.0	7601	tags=39%, list=39%, signal=63%	
GO:0000122	GO:0000122		20	-0.16637869	-0.5210835	0.9818653	1.0	1.0	6733	tags=50%, list=34%, signal=76%	
GO:0045787	GO:0045787		22	-0.15915947	-0.51907617	0.995086	1.0	1.0	16469	tags=100%, list=84%, signal=629%	
GO:0008081	GO:0008081		19	-0.16577896	-0.51834506	0.99759036	1.0	1.0	4006	tags=26%, list=20%, signal=33%	
GO:0051130	GO:0051130		15	-0.16384785	-0.48679218	0.9977169	1.0	1.0	1073	tags=7%, list=5%, signal=7%	
GO:0000428	GO:0000428		87	-0.105470404	-0.4666231	1.0	1.0	1.0	8419	tags=45%, list=43%, signal=78%	
GO:0055029	GO:0055029		67	-0.09647444	-0.40484247	1.0	0.9999349	1.0	8419	tags=43%, list=43%, signal=76%	
